doc_id,source_path,source_hash,entities_count,extraction_model,processing_time_ms,token_count_input,token_count_output,extracted_at,fact_fact_id,fact_text,fact_entity_refs_count,fact_entity_refs,fact_confidence,fact_page_ref,fact_source_excerpt
6237da6c-5fc3-521d-90ca-d53f2e71f058,E:\10 Academy\Week 3\document-intelligence-refinery\data\2013-E.C-Assigned-regular-budget-and-expense.pdf,45bc9cf4ff5ce1ac41a5240e6cc71e9b9809a25e078259afced4ebfcd7014b85,0,ocr_heavy,867,0,0,2026-04-02T12:38:01.067888+00:00,,,,,,,
8256dd55-634b-5b08-966a-c9eb94e3d234,E:\10 Academy\Week 3\document-intelligence-refinery\data\2013-E.C-Audit-finding-information.pdf,7b8976e32efc895a1ab0f78fb4376f3e1431dfa432b4c61b4427b30b1e103ab8,0,ocr_heavy,5,0,0,2026-04-02T12:38:01.213493+00:00,,,,,,,
7688d619-8cdb-5fb7-8c8e-9835c482f165,E:\10 Academy\Week 3\document-intelligence-refinery\data\2013-E.C-Procurement-information.pdf,4a67ebdf892c8fce342935b5e109795989d03cfd0602781fb2ea586b2c8c1ca1,0,ocr_heavy,5,0,0,2026-04-02T12:38:01.324784+00:00,,,,,,,
7e045353-80a2-59bb-89d5-97dd8ae5cafb,E:\10 Academy\Week 3\document-intelligence-refinery\data\2018_Audited_Financial_Statement_Report.pdf,70e44e10d0776e9c5632c878614e1aec5b7ccdd5c9daeead5eeccf6b28fbc826,0,ocr_heavy,7,0,0,2026-04-02T12:38:01.465215+00:00,,,,,,,
fecd6168-a53d-5434-871c-e209868ab728,E:\10 Academy\Week 3\document-intelligence-refinery\data\20191010_Pharmaceutical-Manufacturing-Opportunites-in-Ethiopia_VF.pdf,d0effa290ba25144ec6bd70009d086c319d39474f05afb15b4b5531fc05d3816,7,layout_aware+llm_assisted,158,313,24,2026-04-02T12:38:02.670678+00:00,2fa76b83-dab0-51e0-beeb-418c23c2bab5,East African pharmaceutical sector market size: 6,2.0,74fb2b49-0696-500d-bf7a-bdc536a9a60f|8757011d-10d6-5af7-9b61-80ae422e9f13,0.75,6.0,"Investment - Why do business in Ethiopia? Growing Economy, Opportunities to invest Benefit based on dynamic market with in high value tailored enabling access to East African pharmaceutical sector environment market including specialized..."
fecd6168-a53d-5434-871c-e209868ab728,E:\10 Academy\Week 3\document-intelligence-refinery\data\20191010_Pharmaceutical-Manufacturing-Opportunites-in-Ethiopia_VF.pdf,d0effa290ba25144ec6bd70009d086c319d39474f05afb15b4b5531fc05d3816,7,layout_aware+llm_assisted,158,313,24,2026-04-02T12:38:02.670678+00:00,d62b9e94-fd2d-5d34-8271-57db20a4386c,market size: 11,2.0,74fb2b49-0696-500d-bf7a-bdc536a9a60f|8757011d-10d6-5af7-9b61-80ae422e9f13,0.75,11.0,"Investment - Why do business in Ethiopia? Growing Economy, Opportunities to invest Benefit based on dynamic market with in high value tailored enabling access to East African pharmaceutical sector environment market 11"
14bef74e-d74e-5adb-823a-a8e451be068c,E:\10 Academy\Week 3\document-intelligence-refinery\data\2019_Audited_Financial_Statement_Report.pdf,f1a3fa5f0383ea0376fd13535e621e4127adb4e5560d6b65801f73ba1b10d2a3,0,ocr_heavy,6,0,0,2026-04-02T12:38:57.247675+00:00,,,,,,,
fd156338-1890-53aa-a273-786585389e67,E:\10 Academy\Week 3\document-intelligence-refinery\data\2020_Audited_Financial_Statement_Report.pdf,4eee175cc37bede68738fd734f974ff6b92222153792ad81242ad1193e903fb8,0,ocr_heavy,8,384,0,2026-04-02T12:38:57.391777+00:00,,,,,,,
a55bcfd7-ad95-574c-a46c-885d30dc5768,E:\10 Academy\Week 3\document-intelligence-refinery\data\2021_Audited_Financial_Statement_Report.pdf,99ee3b8a9abdb4897ebea080f52161cc102f160f0e010eca209f28d48243cb6f,0,ocr_heavy,8,0,0,2026-04-02T12:38:57.528935+00:00,,,,,,,
482bfcc1-6c9b-509b-a7ea-989cfe9be5cf,E:\10 Academy\Week 3\document-intelligence-refinery\data\2022_Audited_Financial_Statement_Report.pdf,3ed8f0ba7644343c5dc93cf72a89a06b7f90a4ab642f5bd865449abcb9edaf14,0,ocr_heavy,7,1421,0,2026-04-02T12:38:57.657894+00:00,,,,,,,
29e66a44-df17-592f-a54c-3b2a34b1cd95,E:\10 Academy\Week 3\document-intelligence-refinery\data\Annual_Report_JUNE-2017.pdf,b9807d59e9bae14a7d9224567cc0079c3eec5fc3a46745558bd5a6d2aace7e56,11,layout_aware,727,300,15,2026-04-02T12:39:02.607149+00:00,,,,,,,
d931b9d5-6aae-5eb8-a58c-5734b9403143,E:\10 Academy\Week 3\document-intelligence-refinery\data\Annual_Report_JUNE-2018.pdf,36243f04f836a4a9ed145772877a73120bdf2de4fbeb77e8eadc96ee1038138d,10,layout_aware,719,329,14,2026-04-02T12:40:05.307362+00:00,,,,,,,
f6d7a142-3403-5038-bf3f-49db79ff8f61,E:\10 Academy\Week 3\document-intelligence-refinery\data\Annual_Report_JUNE-2019.pdf,1f67d3555a328f6525043275e760a857a324d898109828d42b4e5d4b6b07a2d5,20,layout_aware,927,400,40,2026-04-02T12:40:52.128305+00:00,,,,,,,
b6754410-8dbc-561c-967e-fe23c6e1bba4,E:\10 Academy\Week 3\document-intelligence-refinery\data\Annual_Report_JUNE-2020.pdf,2e348d6c3ee4d69cc9bff3dec355862d88066669d567dbfe4b4e48b0a2f414a5,21,layout_aware+llm_assisted,1354,464,52,2026-04-02T12:41:47.634796+00:00,4af41b0f-fa79-5cfd-b3e4-9f5ac140584e,motor class of business share: 32.5 %,3.0,eccde843-4e54-5187-966a-a0eb4073eb31|c818d6bf-ad34-5b0e-a7cc-6af6887c084e|2917fcab-f0fa-5d55-9bf7-876d47c35927,0.75,67.0,Notes to Financial Statements ETHIO RE Rising with Africa For the year ended 30 June 2020 (4) Financial risk review (Continued) Concentration of underwriting risk The Company’s concentration of reinsurance risk is determined by class of...
b6754410-8dbc-561c-967e-fe23c6e1bba4,E:\10 Academy\Week 3\document-intelligence-refinery\data\Annual_Report_JUNE-2020.pdf,2e348d6c3ee4d69cc9bff3dec355862d88066669d567dbfe4b4e48b0a2f414a5,21,layout_aware+llm_assisted,1354,464,52,2026-04-02T12:41:47.634796+00:00,ae9ec6ca-c231-53ea-b5c5-2d2799f3605c,motor class of business share (previous year): 38 %,3.0,eccde843-4e54-5187-966a-a0eb4073eb31|c818d6bf-ad34-5b0e-a7cc-6af6887c084e|2639f270-f6d9-5c0b-aadb-15cf600fd450,0.75,67.0,Notes to Financial Statements ETHIO RE Rising with Africa For the year ended 30 June 2020 (4) Financial risk review (Continued) Concentration of underwriting risk The Company’s concentration of reinsurance risk is determined by class of...
2f29c4ac-aba0-57a6-a48a-412a8532f79b,E:\10 Academy\Week 3\document-intelligence-refinery\data\Annual_Report_JUNE-2021.pdf,14ec0f8d1e51b57fec1e8e932adf58bbc3c105c9cf4262af9ebd3b0af687012e,23,layout_aware+llm_assisted,2337,357,56,2026-04-02T12:42:35.744211+00:00,3be22619-cf74-5901-b2bb-ad3becc01fc4,motor class of business share: 28.2 %,3.0,e5e7a76f-5d64-5fba-92f7-6e04a3619fbd|265ecfd0-3e5f-526a-8ffa-1140faecd6d4|41a1e6b6-7727-5ab9-a45b-cc56251a2c30,0.75,73.0,ETHIO RE Notes to Financial Statements Annual Report For the year ended 30 June 2021 2020/21 (4) Financial risk review (Continued) (a) Underwriting risk(continued) Concentration of underwriting risk(continued) As can be observed from the...
2f29c4ac-aba0-57a6-a48a-412a8532f79b,E:\10 Academy\Week 3\document-intelligence-refinery\data\Annual_Report_JUNE-2021.pdf,14ec0f8d1e51b57fec1e8e932adf58bbc3c105c9cf4262af9ebd3b0af687012e,23,layout_aware+llm_assisted,2337,357,56,2026-04-02T12:42:35.744211+00:00,4e15b785-388e-57f6-9be3-41ebeb562477,motor class of business share: 32.5 %,3.0,e5e7a76f-5d64-5fba-92f7-6e04a3619fbd|265ecfd0-3e5f-526a-8ffa-1140faecd6d4|64a8b229-4670-5bc3-912c-59d13c31fcda,0.75,73.0,ETHIO RE Notes to Financial Statements Annual Report For the year ended 30 June 2021 2020/21 (4) Financial risk review (Continued) (a) Underwriting risk(continued) Concentration of underwriting risk(continued) As can be observed from the...
4a3dd9aa-f238-564c-9b58-d5e7f2ef74e5,E:\10 Academy\Week 3\document-intelligence-refinery\data\Annual_Report_JUNE-2022.pdf,3d66f3094125dfaa680006c2938352dcdce1480bda8279ff87571772753d2849,18,layout_aware,2373,317,30,2026-04-02T12:43:11.387344+00:00,,,,,,,
0f574fb6-7392-5fc4-b195-f8c60ae82b6a,E:\10 Academy\Week 3\document-intelligence-refinery\data\Annual_Report_JUNE-2023.pdf,c9ddc16ac77d590e2ac35f8885ccfe17921549b110b480059ba95df7f5529fd0,76,layout_aware+llm_assisted+regex,1798,1202,183,2026-04-02T12:43:37.967094+00:00,3e4446a4-4db2-5fe0-961b-ecdc804a3f42,Annual Ordinary General Meeting: 1.,2.0,bbdc2fd0-1e5d-5c99-95b6-c20d4ff67a43|5b0c2405-b918-5ad0-b74f-6d374f9b46fe,0.75,35.0,ETHIOPIAN REINSURANCE S.C EETTHHIIOO RREE RRiissiinngg wwiitthh AAffrriiccaa STATEMENT OF DIRECTORS’ RESPONSIBILITIES 22002212//2223 NOTICE OF THE 7TH ANNUAL ORDINARY GENERAL MEETING OF SHAREHOLDERS Notice is hereby given to the Sharehol...
0f574fb6-7392-5fc4-b195-f8c60ae82b6a,E:\10 Academy\Week 3\document-intelligence-refinery\data\Annual_Report_JUNE-2023.pdf,c9ddc16ac77d590e2ac35f8885ccfe17921549b110b480059ba95df7f5529fd0,76,layout_aware+llm_assisted+regex,1798,1202,183,2026-04-02T12:43:37.967094+00:00,65e29cd2-df33-5c56-a35a-dbc3f3a90707,subscribed capital: 2.5 Billion Birr,3.0,57801e9b-ba88-55ab-b35e-1ec4ec9315ee|3c083768-37aa-5ea2-a5b1-492a739c97a9|5b0c2405-b918-5ad0-b74f-6d374f9b46fe,0.75,35.0,ETHIOPIAN REINSURANCE S.C EETTHHIIOO RREE RRiissiinngg wwiitthh AAffrriiccaa STATEMENT OF DIRECTORS’ RESPONSIBILITIES 22002212//2223 NOTICE OF THE 7TH ANNUAL ORDINARY GENERAL MEETING OF SHAREHOLDERS Notice is hereby given to the Sharehol...
0f574fb6-7392-5fc4-b195-f8c60ae82b6a,E:\10 Academy\Week 3\document-intelligence-refinery\data\Annual_Report_JUNE-2023.pdf,c9ddc16ac77d590e2ac35f8885ccfe17921549b110b480059ba95df7f5529fd0,76,layout_aware+llm_assisted+regex,1798,1202,183,2026-04-02T12:43:37.967094+00:00,cc3dde25-7158-5f23-b266-52318b794720,paid up capital: 1.4 Billion Birr,3.0,57801e9b-ba88-55ab-b35e-1ec4ec9315ee|3c083768-37aa-5ea2-a5b1-492a739c97a9|5b0c2405-b918-5ad0-b74f-6d374f9b46fe,0.75,35.0,ETHIOPIAN REINSURANCE S.C EETTHHIIOO RREE RRiissiinngg wwiitthh AAffrriiccaa STATEMENT OF DIRECTORS’ RESPONSIBILITIES 22002212//2223 NOTICE OF THE 7TH ANNUAL ORDINARY GENERAL MEETING OF SHAREHOLDERS Notice is hereby given to the Sharehol...
0f574fb6-7392-5fc4-b195-f8c60ae82b6a,E:\10 Academy\Week 3\document-intelligence-refinery\data\Annual_Report_JUNE-2023.pdf,c9ddc16ac77d590e2ac35f8885ccfe17921549b110b480059ba95df7f5529fd0,76,layout_aware+llm_assisted+regex,1798,1202,183,2026-04-02T12:43:37.967094+00:00,45022cef-ec02-52c6-90f4-805030c8cc3d,Registration Number: MT/AA/3/0035454/2008,3.0,57801e9b-ba88-55ab-b35e-1ec4ec9315ee|8cea30d6-c50b-5e6d-89d3-7c7749bd7b6e|8118cf62-ed49-51c6-a08c-4c73770c800a,0.75,35.0,ETHIOPIAN REINSURANCE S.C EETTHHIIOO RREE RRiissiinngg wwiitthh AAffrriiccaa STATEMENT OF DIRECTORS’ RESPONSIBILITIES 22002212//2223 NOTICE OF THE 7TH ANNUAL ORDINARY GENERAL MEETING OF SHAREHOLDERS Notice is hereby given to the Sharehol...
0f574fb6-7392-5fc4-b195-f8c60ae82b6a,E:\10 Academy\Week 3\document-intelligence-refinery\data\Annual_Report_JUNE-2023.pdf,c9ddc16ac77d590e2ac35f8885ccfe17921549b110b480059ba95df7f5529fd0,76,layout_aware+llm_assisted+regex,1798,1202,183,2026-04-02T12:43:37.967094+00:00,2aa9e25d-14a1-522c-91bc-b86397122303,"meeting date: Tuesday, December 20, 2022",3.0,57801e9b-ba88-55ab-b35e-1ec4ec9315ee|d7b03b61-a138-56a4-b160-e48a5e93fb47|5b0c2405-b918-5ad0-b74f-6d374f9b46fe,0.75,35.0,ETHIOPIAN REINSURANCE S.C EETTHHIIOO RREE RRiissiinngg wwiitthh AAffrriiccaa STATEMENT OF DIRECTORS’ RESPONSIBILITIES 22002212//2223 NOTICE OF THE 7TH ANNUAL ORDINARY GENERAL MEETING OF SHAREHOLDERS Notice is hereby given to the Sharehol...
0f574fb6-7392-5fc4-b195-f8c60ae82b6a,E:\10 Academy\Week 3\document-intelligence-refinery\data\Annual_Report_JUNE-2023.pdf,c9ddc16ac77d590e2ac35f8885ccfe17921549b110b480059ba95df7f5529fd0,76,layout_aware+llm_assisted+regex,1798,1202,183,2026-04-02T12:43:37.967094+00:00,2384cf67-705e-539c-b617-fff5da3395f8,meeting start time: 2:30 p.m.,3.0,57801e9b-ba88-55ab-b35e-1ec4ec9315ee|d7b03b61-a138-56a4-b160-e48a5e93fb47|5b0c2405-b918-5ad0-b74f-6d374f9b46fe,0.75,35.0,ETHIOPIAN REINSURANCE S.C EETTHHIIOO RREE RRiissiinngg wwiitthh AAffrriiccaa STATEMENT OF DIRECTORS’ RESPONSIBILITIES 22002212//2223 NOTICE OF THE 7TH ANNUAL ORDINARY GENERAL MEETING OF SHAREHOLDERS Notice is hereby given to the Sharehol...
0f574fb6-7392-5fc4-b195-f8c60ae82b6a,E:\10 Academy\Week 3\document-intelligence-refinery\data\Annual_Report_JUNE-2023.pdf,c9ddc16ac77d590e2ac35f8885ccfe17921549b110b480059ba95df7f5529fd0,76,layout_aware+llm_assisted+regex,1798,1202,183,2026-04-02T12:43:37.967094+00:00,80c609db-38dc-5d4d-8348-6f54dd4744a7,proxy submission deadline: 15 days before the meeting,3.0,57801e9b-ba88-55ab-b35e-1ec4ec9315ee|bb083c2c-fb6d-55bd-a7ae-2db9ccab0a73|5b0c2405-b918-5ad0-b74f-6d374f9b46fe,0.75,35.0,ETHIOPIAN REINSURANCE S.C EETTHHIIOO RREE RRiissiinngg wwiitthh AAffrriiccaa STATEMENT OF DIRECTORS’ RESPONSIBILITIES 22002212//2223 NOTICE OF THE 7TH ANNUAL ORDINARY GENERAL MEETING OF SHAREHOLDERS Notice is hereby given to the Sharehol...
0f574fb6-7392-5fc4-b195-f8c60ae82b6a,E:\10 Academy\Week 3\document-intelligence-refinery\data\Annual_Report_JUNE-2023.pdf,c9ddc16ac77d590e2ac35f8885ccfe17921549b110b480059ba95df7f5529fd0,76,layout_aware+llm_assisted+regex,1798,1202,183,2026-04-02T12:43:37.967094+00:00,62c65345-9822-5571-9465-ba1ff7d46ddb,years: 2020-21,3.0,2998904e-4241-5ea8-ac5f-d4a19ad19bef|0078c711-8786-58c3-8872-8dd91b55c159|a687c207-5972-545b-943e-05e219b5ef4e,0.75,69.0,the Board of Directors; and The bank has not declared dividend during the years 2020-21 and 2021-22 but currently the bank is reco9v.e rinAgp pfrroomva tlh oofs eth ceh mailnleuntgeisn ogf ptheeri omdes eatnindg .hence we are not able to...
0f574fb6-7392-5fc4-b195-f8c60ae82b6a,E:\10 Academy\Week 3\document-intelligence-refinery\data\Annual_Report_JUNE-2023.pdf,c9ddc16ac77d590e2ac35f8885ccfe17921549b110b480059ba95df7f5529fd0,76,layout_aware+llm_assisted+regex,1798,1202,183,2026-04-02T12:43:37.967094+00:00,7ae82774-e9ed-51f8-adb0-fb3444c41b44,years: 2021-22,3.0,2998904e-4241-5ea8-ac5f-d4a19ad19bef|0078c711-8786-58c3-8872-8dd91b55c159|ef3b9eb0-ccd0-59e4-b5bf-83420d87174c,0.75,69.0,the Board of Directors; and The bank has not declared dividend during the years 2020-21 and 2021-22 but currently the bank is reco9v.e rinAgp pfrroomva tlh oofs eth ceh mailnleuntgeisn ogf ptheeri omdes eatnindg .hence we are not able to...
0f574fb6-7392-5fc4-b195-f8c60ae82b6a,E:\10 Academy\Week 3\document-intelligence-refinery\data\Annual_Report_JUNE-2023.pdf,c9ddc16ac77d590e2ac35f8885ccfe17921549b110b480059ba95df7f5529fd0,76,layout_aware+llm_assisted+regex,1798,1202,183,2026-04-02T12:43:37.967094+00:00,18d93208-5f61-5b90-b5a5-cb0c55b52b5d,floor: 6th,3.0,3eff86a9-c713-5eb1-a656-5f41d83c58c2|f16c1181-2f00-5d1b-a0f4-90b99a7894ea|1721b22c-3e06-5ce4-8c72-524a701b1a28,0.75,69.0,the Board of Directors; and The bank has not declared dividend during the years 2020-21 and 2021-22 but currently the bank is reco9v.e rinAgp pfrroomva tlh oofs eth ceh mailnleuntgeisn ogf ptheeri omdes eatnindg .hence we are not able to...
0f574fb6-7392-5fc4-b195-f8c60ae82b6a,E:\10 Academy\Week 3\document-intelligence-refinery\data\Annual_Report_JUNE-2023.pdf,c9ddc16ac77d590e2ac35f8885ccfe17921549b110b480059ba95df7f5529fd0,76,layout_aware+llm_assisted+regex,1798,1202,183,2026-04-02T12:43:37.967094+00:00,e9b08275-02fc-5a81-b77b-55882991d438,days: 15,3.0,6be5f543-7ee2-5ca7-8b9d-0aa1170f79ad|fc44f1e8-e9fe-5fcf-bfc6-d40cffaf6ce7|1721b22c-3e06-5ce4-8c72-524a701b1a28,0.75,69.0,the Board of Directors; and The bank has not declared dividend during the years 2020-21 and 2021-22 but currently the bank is reco9v.e rinAgp pfrroomva tlh oofs eth ceh mailnleuntgeisn ogf ptheeri omdes eatnindg .hence we are not able to...
6e9fb086-e7af-5b0b-8243-e1f0ffda4f52,E:\10 Academy\Week 3\document-intelligence-refinery\data\Audit Report - 2023.pdf,62213e3af42b0198d66aa799a8b0df5eb9c6cc1473ff222b5268c72c8cd08ee0,3,ocr_heavy,111,16,4,2026-04-02T12:45:19.787552+00:00,,,,,,,
b658bc41-dc6d-5dd2-85b6-b224aa4ab7c7,E:\10 Academy\Week 3\document-intelligence-refinery\data\CBE Annual Report 2006-7 .pdf,cefbff4a0c5a04cf1f959ab234d06a0e93f5501cc12464dcbcd004b6e3b4f9e6,25,ocr_heavy+llm_assisted+regex,60,230,252,2026-04-02T12:45:47.817464+00:00,0f3edca8-f6d0-5bad-84ed-a659eacd7787,"Term and merchandise loans: 5,745,311,388",1.0,c0d3a722-6196-53f7-896f-c21ebd87220e,0.7,41.0,"a) Term and merchandise loans 5,745,311,388 5,691,411,055"
b658bc41-dc6d-5dd2-85b6-b224aa4ab7c7,E:\10 Academy\Week 3\document-intelligence-refinery\data\CBE Annual Report 2006-7 .pdf,cefbff4a0c5a04cf1f959ab234d06a0e93f5501cc12464dcbcd004b6e3b4f9e6,25,ocr_heavy+llm_assisted+regex,60,230,252,2026-04-02T12:45:47.817464+00:00,b2439bb2-ded6-5f56-a200-19006324c6dc,Less: Provision for impairment losses,0.0,,0.55,41.0,"Overdrafts 2,398,091,394 1,906,903,509 Advances on import and export bills 245,743,542 66,194,836 Loans and advances in legal 1,143,779,378 1,356,012,303 9,532,925,702 9,020,521,703 Less: Provision for impairment losses (1,388,553,279) (..."
b658bc41-dc6d-5dd2-85b6-b224aa4ab7c7,E:\10 Academy\Week 3\document-intelligence-refinery\data\CBE Annual Report 2006-7 .pdf,cefbff4a0c5a04cf1f959ab234d06a0e93f5501cc12464dcbcd004b6e3b4f9e6,25,ocr_heavy+llm_assisted+regex,60,230,252,2026-04-02T12:45:47.817464+00:00,2e823a33-64c2-550d-9b4c-54513f17e154,"Overdrafts: 2,398,091,394",1.0,5ac632e2-1679-5c9d-987c-3b715f1f563d,0.7,41.0,"Overdrafts 2,398,091,394 1,906,903,509 Advances on import and export bills 245,743,542 66,194,836 Loans and advances in legal 1,143,779,378 1,356,012,303 9,532,925,702 9,020,521,703 Less: Provision for impairment losses (1,388,553,279) (..."
b658bc41-dc6d-5dd2-85b6-b224aa4ab7c7,E:\10 Academy\Week 3\document-intelligence-refinery\data\CBE Annual Report 2006-7 .pdf,cefbff4a0c5a04cf1f959ab234d06a0e93f5501cc12464dcbcd004b6e3b4f9e6,25,ocr_heavy+llm_assisted+regex,60,230,252,2026-04-02T12:45:47.817464+00:00,b8e4892b-ade5-5d50-8c89-ab239682beb9,"Advances on import and export bills: 245,743,542",1.0,b8830b11-8401-50e4-be4e-70b9389ac5b9,0.7,41.0,"Overdrafts 2,398,091,394 1,906,903,509 Advances on import and export bills 245,743,542 66,194,836 Loans and advances in legal 1,143,779,378 1,356,012,303 9,532,925,702 9,020,521,703 Less: Provision for impairment losses (1,388,553,279) (..."
b658bc41-dc6d-5dd2-85b6-b224aa4ab7c7,E:\10 Academy\Week 3\document-intelligence-refinery\data\CBE Annual Report 2006-7 .pdf,cefbff4a0c5a04cf1f959ab234d06a0e93f5501cc12464dcbcd004b6e3b4f9e6,25,ocr_heavy+llm_assisted+regex,60,230,252,2026-04-02T12:45:47.817464+00:00,2f4fb319-a0df-5493-bc4a-2fdd254c7e85,"Loans and advances in legal: 1,143,779,378",1.0,9e8842ef-e35b-5479-ac05-499836468847,0.7,41.0,"Overdrafts 2,398,091,394 1,906,903,509 Advances on import and export bills 245,743,542 66,194,836 Loans and advances in legal 1,143,779,378 1,356,012,303 9,532,925,702 9,020,521,703 Less: Provision for impairment losses (1,388,553,279) (..."
b658bc41-dc6d-5dd2-85b6-b224aa4ab7c7,E:\10 Academy\Week 3\document-intelligence-refinery\data\CBE Annual Report 2006-7 .pdf,cefbff4a0c5a04cf1f959ab234d06a0e93f5501cc12464dcbcd004b6e3b4f9e6,25,ocr_heavy+llm_assisted+regex,60,230,252,2026-04-02T12:45:47.817464+00:00,ff034980-8596-5939-8c20-95f09b328626,Overdrafts: 2398091394,0.0,,0.75,41.0,"Overdrafts 2,398,091,394 1,906,903,509 Advances on import and export bills 245,743,542 66,194,836 Loans and advances in legal 1,143,779,378 1,356,012,303 9,532,925,702 9,020,521,703 Less: Provision for impairment losses (1,388,553,279) (..."
b658bc41-dc6d-5dd2-85b6-b224aa4ab7c7,E:\10 Academy\Week 3\document-intelligence-refinery\data\CBE Annual Report 2006-7 .pdf,cefbff4a0c5a04cf1f959ab234d06a0e93f5501cc12464dcbcd004b6e3b4f9e6,25,ocr_heavy+llm_assisted+regex,60,230,252,2026-04-02T12:45:47.817464+00:00,b2cb74b3-3379-5081-8371-b72f158a240f,Overdrafts: 1906903509,0.0,,0.75,41.0,"Overdrafts 2,398,091,394 1,906,903,509 Advances on import and export bills 245,743,542 66,194,836 Loans and advances in legal 1,143,779,378 1,356,012,303 9,532,925,702 9,020,521,703 Less: Provision for impairment losses (1,388,553,279) (..."
b658bc41-dc6d-5dd2-85b6-b224aa4ab7c7,E:\10 Academy\Week 3\document-intelligence-refinery\data\CBE Annual Report 2006-7 .pdf,cefbff4a0c5a04cf1f959ab234d06a0e93f5501cc12464dcbcd004b6e3b4f9e6,25,ocr_heavy+llm_assisted+regex,60,230,252,2026-04-02T12:45:47.817464+00:00,b8c9ea9e-f89f-5a1d-b2a0-19482d1ddd2d,Advances on import and export bills: 245743542,0.0,,0.75,41.0,"Overdrafts 2,398,091,394 1,906,903,509 Advances on import and export bills 245,743,542 66,194,836 Loans and advances in legal 1,143,779,378 1,356,012,303 9,532,925,702 9,020,521,703 Less: Provision for impairment losses (1,388,553,279) (..."
b658bc41-dc6d-5dd2-85b6-b224aa4ab7c7,E:\10 Academy\Week 3\document-intelligence-refinery\data\CBE Annual Report 2006-7 .pdf,cefbff4a0c5a04cf1f959ab234d06a0e93f5501cc12464dcbcd004b6e3b4f9e6,25,ocr_heavy+llm_assisted+regex,60,230,252,2026-04-02T12:45:47.817464+00:00,83ac8e10-c64b-522f-9169-cf4a9a3f49a0,Advances on import and export bills: 66194836,0.0,,0.75,41.0,"Overdrafts 2,398,091,394 1,906,903,509 Advances on import and export bills 245,743,542 66,194,836 Loans and advances in legal 1,143,779,378 1,356,012,303 9,532,925,702 9,020,521,703 Less: Provision for impairment losses (1,388,553,279) (..."
b658bc41-dc6d-5dd2-85b6-b224aa4ab7c7,E:\10 Academy\Week 3\document-intelligence-refinery\data\CBE Annual Report 2006-7 .pdf,cefbff4a0c5a04cf1f959ab234d06a0e93f5501cc12464dcbcd004b6e3b4f9e6,25,ocr_heavy+llm_assisted+regex,60,230,252,2026-04-02T12:45:47.817464+00:00,260344bb-c392-50ff-8f8a-da47f91c1338,Loans and advances in legal: 1143779378,0.0,,0.75,41.0,"Overdrafts 2,398,091,394 1,906,903,509 Advances on import and export bills 245,743,542 66,194,836 Loans and advances in legal 1,143,779,378 1,356,012,303 9,532,925,702 9,020,521,703 Less: Provision for impairment losses (1,388,553,279) (..."
b658bc41-dc6d-5dd2-85b6-b224aa4ab7c7,E:\10 Academy\Week 3\document-intelligence-refinery\data\CBE Annual Report 2006-7 .pdf,cefbff4a0c5a04cf1f959ab234d06a0e93f5501cc12464dcbcd004b6e3b4f9e6,25,ocr_heavy+llm_assisted+regex,60,230,252,2026-04-02T12:45:47.817464+00:00,e22fcb56-9434-5eb9-961d-c641f72709d4,Loans and advances in legal: 1356012303,0.0,,0.75,41.0,"Overdrafts 2,398,091,394 1,906,903,509 Advances on import and export bills 245,743,542 66,194,836 Loans and advances in legal 1,143,779,378 1,356,012,303 9,532,925,702 9,020,521,703 Less: Provision for impairment losses (1,388,553,279) (..."
b658bc41-dc6d-5dd2-85b6-b224aa4ab7c7,E:\10 Academy\Week 3\document-intelligence-refinery\data\CBE Annual Report 2006-7 .pdf,cefbff4a0c5a04cf1f959ab234d06a0e93f5501cc12464dcbcd004b6e3b4f9e6,25,ocr_heavy+llm_assisted+regex,60,230,252,2026-04-02T12:45:47.817464+00:00,0493f779-2f8b-5a71-a7bb-368055501aad,Total: 9532925702,0.0,,0.75,41.0,"Overdrafts 2,398,091,394 1,906,903,509 Advances on import and export bills 245,743,542 66,194,836 Loans and advances in legal 1,143,779,378 1,356,012,303 9,532,925,702 9,020,521,703 Less: Provision for impairment losses (1,388,553,279) (..."
b658bc41-dc6d-5dd2-85b6-b224aa4ab7c7,E:\10 Academy\Week 3\document-intelligence-refinery\data\CBE Annual Report 2006-7 .pdf,cefbff4a0c5a04cf1f959ab234d06a0e93f5501cc12464dcbcd004b6e3b4f9e6,25,ocr_heavy+llm_assisted+regex,60,230,252,2026-04-02T12:45:47.817464+00:00,240f82d1-74b8-5e0a-8d94-3097a61d2cd2,Total: 9020521703,0.0,,0.75,41.0,"Overdrafts 2,398,091,394 1,906,903,509 Advances on import and export bills 245,743,542 66,194,836 Loans and advances in legal 1,143,779,378 1,356,012,303 9,532,925,702 9,020,521,703 Less: Provision for impairment losses (1,388,553,279) (..."
b658bc41-dc6d-5dd2-85b6-b224aa4ab7c7,E:\10 Academy\Week 3\document-intelligence-refinery\data\CBE Annual Report 2006-7 .pdf,cefbff4a0c5a04cf1f959ab234d06a0e93f5501cc12464dcbcd004b6e3b4f9e6,25,ocr_heavy+llm_assisted+regex,60,230,252,2026-04-02T12:45:47.817464+00:00,c8dd2c6b-65d3-51a4-8963-81482c67124f,Less: Provision for impairment losses: -1388553279,0.0,,0.75,41.0,"Overdrafts 2,398,091,394 1,906,903,509 Advances on import and export bills 245,743,542 66,194,836 Loans and advances in legal 1,143,779,378 1,356,012,303 9,532,925,702 9,020,521,703 Less: Provision for impairment losses (1,388,553,279) (..."
b658bc41-dc6d-5dd2-85b6-b224aa4ab7c7,E:\10 Academy\Week 3\document-intelligence-refinery\data\CBE Annual Report 2006-7 .pdf,cefbff4a0c5a04cf1f959ab234d06a0e93f5501cc12464dcbcd004b6e3b4f9e6,25,ocr_heavy+llm_assisted+regex,60,230,252,2026-04-02T12:45:47.817464+00:00,48ae5efe-bcad-5476-b3b9-c4fcb492bfa4,Less: Provision for impairment losses: -1643725053,0.0,,0.75,41.0,"Overdrafts 2,398,091,394 1,906,903,509 Advances on import and export bills 245,743,542 66,194,836 Loans and advances in legal 1,143,779,378 1,356,012,303 9,532,925,702 9,020,521,703 Less: Provision for impairment losses (1,388,553,279) (..."
b658bc41-dc6d-5dd2-85b6-b224aa4ab7c7,E:\10 Academy\Week 3\document-intelligence-refinery\data\CBE Annual Report 2006-7 .pdf,cefbff4a0c5a04cf1f959ab234d06a0e93f5501cc12464dcbcd004b6e3b4f9e6,25,ocr_heavy+llm_assisted+regex,60,230,252,2026-04-02T12:45:47.817464+00:00,fd53b5cb-62a6-5cba-a295-ca68c8706afc,Net amount: 8144372423,0.0,,0.75,41.0,"Overdrafts 2,398,091,394 1,906,903,509 Advances on import and export bills 245,743,542 66,194,836 Loans and advances in legal 1,143,779,378 1,356,012,303 9,532,925,702 9,020,521,703 Less: Provision for impairment losses (1,388,553,279) (..."
b658bc41-dc6d-5dd2-85b6-b224aa4ab7c7,E:\10 Academy\Week 3\document-intelligence-refinery\data\CBE Annual Report 2006-7 .pdf,cefbff4a0c5a04cf1f959ab234d06a0e93f5501cc12464dcbcd004b6e3b4f9e6,25,ocr_heavy+llm_assisted+regex,60,230,252,2026-04-02T12:45:47.817464+00:00,06eab984-7c3c-5fef-a05c-0fd34294b8ef,Net amount: 7376796650,0.0,,0.75,41.0,"Overdrafts 2,398,091,394 1,906,903,509 Advances on import and export bills 245,743,542 66,194,836 Loans and advances in legal 1,143,779,378 1,356,012,303 9,532,925,702 9,020,521,703 Less: Provision for impairment losses (1,388,553,279) (..."
b658bc41-dc6d-5dd2-85b6-b224aa4ab7c7,E:\10 Academy\Week 3\document-intelligence-refinery\data\CBE Annual Report 2006-7 .pdf,cefbff4a0c5a04cf1f959ab234d06a0e93f5501cc12464dcbcd004b6e3b4f9e6,25,ocr_heavy+llm_assisted+regex,60,230,252,2026-04-02T12:45:47.817464+00:00,be9fc028-29f5-59f8-9d85-f329923c331a,"Repayable on demand: 2,295,018,105",1.0,db631c34-a662-500f-bdf8-d0dd8bbd4bc7,0.7,41.0,"Repayable on demand 2,295,018,105 1,615,518,466 Within one year 2,266,402,672 1,915,754,090 One to five years 2,005,356,927 3,042,190,939 Over five years 1,577,594,719 803,333,155 8,144,372,423 7,376,796,650"
b658bc41-dc6d-5dd2-85b6-b224aa4ab7c7,E:\10 Academy\Week 3\document-intelligence-refinery\data\CBE Annual Report 2006-7 .pdf,cefbff4a0c5a04cf1f959ab234d06a0e93f5501cc12464dcbcd004b6e3b4f9e6,25,ocr_heavy+llm_assisted+regex,60,230,252,2026-04-02T12:45:47.817464+00:00,313a5cee-65ba-51c1-83ce-d60e27090036,"Within one year: 2,266,402,672",1.0,5fdccb7b-0e72-54fe-beca-e117653bcacd,0.7,41.0,"Repayable on demand 2,295,018,105 1,615,518,466 Within one year 2,266,402,672 1,915,754,090 One to five years 2,005,356,927 3,042,190,939 Over five years 1,577,594,719 803,333,155 8,144,372,423 7,376,796,650"
b658bc41-dc6d-5dd2-85b6-b224aa4ab7c7,E:\10 Academy\Week 3\document-intelligence-refinery\data\CBE Annual Report 2006-7 .pdf,cefbff4a0c5a04cf1f959ab234d06a0e93f5501cc12464dcbcd004b6e3b4f9e6,25,ocr_heavy+llm_assisted+regex,60,230,252,2026-04-02T12:45:47.817464+00:00,8ddce045-7025-5bc1-84ed-b05baf415b96,"One to five years: 2,005,356,927",1.0,d9d52a3c-cfeb-50d5-99d0-8cfda1ec80aa,0.7,41.0,"Repayable on demand 2,295,018,105 1,615,518,466 Within one year 2,266,402,672 1,915,754,090 One to five years 2,005,356,927 3,042,190,939 Over five years 1,577,594,719 803,333,155 8,144,372,423 7,376,796,650"
b658bc41-dc6d-5dd2-85b6-b224aa4ab7c7,E:\10 Academy\Week 3\document-intelligence-refinery\data\CBE Annual Report 2006-7 .pdf,cefbff4a0c5a04cf1f959ab234d06a0e93f5501cc12464dcbcd004b6e3b4f9e6,25,ocr_heavy+llm_assisted+regex,60,230,252,2026-04-02T12:45:47.817464+00:00,ff4ae38d-090c-5899-b45d-3bb2b85553ea,"Over five years: 1,577,594,719",1.0,f21d093e-6f5e-5324-bbae-d4ab81531152,0.7,41.0,"Repayable on demand 2,295,018,105 1,615,518,466 Within one year 2,266,402,672 1,915,754,090 One to five years 2,005,356,927 3,042,190,939 Over five years 1,577,594,719 803,333,155 8,144,372,423 7,376,796,650"
b658bc41-dc6d-5dd2-85b6-b224aa4ab7c7,E:\10 Academy\Week 3\document-intelligence-refinery\data\CBE Annual Report 2006-7 .pdf,cefbff4a0c5a04cf1f959ab234d06a0e93f5501cc12464dcbcd004b6e3b4f9e6,25,ocr_heavy+llm_assisted+regex,60,230,252,2026-04-02T12:45:47.817464+00:00,b0d8a8cc-aeb9-5e13-b13b-2aed28e1da85,Repayable on demand: 2295018105,0.0,,0.75,41.0,"Repayable on demand 2,295,018,105 1,615,518,466 Within one year 2,266,402,672 1,915,754,090 One to five years 2,005,356,927 3,042,190,939 Over five years 1,577,594,719 803,333,155 8,144,372,423 7,376,796,650"
b658bc41-dc6d-5dd2-85b6-b224aa4ab7c7,E:\10 Academy\Week 3\document-intelligence-refinery\data\CBE Annual Report 2006-7 .pdf,cefbff4a0c5a04cf1f959ab234d06a0e93f5501cc12464dcbcd004b6e3b4f9e6,25,ocr_heavy+llm_assisted+regex,60,230,252,2026-04-02T12:45:47.817464+00:00,9bebbaa6-5dd1-521b-b43c-4e2618ffda6e,Repayable on demand: 1615518466,0.0,,0.75,41.0,"Repayable on demand 2,295,018,105 1,615,518,466 Within one year 2,266,402,672 1,915,754,090 One to five years 2,005,356,927 3,042,190,939 Over five years 1,577,594,719 803,333,155 8,144,372,423 7,376,796,650"
b658bc41-dc6d-5dd2-85b6-b224aa4ab7c7,E:\10 Academy\Week 3\document-intelligence-refinery\data\CBE Annual Report 2006-7 .pdf,cefbff4a0c5a04cf1f959ab234d06a0e93f5501cc12464dcbcd004b6e3b4f9e6,25,ocr_heavy+llm_assisted+regex,60,230,252,2026-04-02T12:45:47.817464+00:00,d195ef33-9dc1-54e0-9d0b-44e0e133a336,Within one year: 2266402672,1.0,5fdccb7b-0e72-54fe-beca-e117653bcacd,0.75,41.0,"Repayable on demand 2,295,018,105 1,615,518,466 Within one year 2,266,402,672 1,915,754,090 One to five years 2,005,356,927 3,042,190,939 Over five years 1,577,594,719 803,333,155 8,144,372,423 7,376,796,650"
b658bc41-dc6d-5dd2-85b6-b224aa4ab7c7,E:\10 Academy\Week 3\document-intelligence-refinery\data\CBE Annual Report 2006-7 .pdf,cefbff4a0c5a04cf1f959ab234d06a0e93f5501cc12464dcbcd004b6e3b4f9e6,25,ocr_heavy+llm_assisted+regex,60,230,252,2026-04-02T12:45:47.817464+00:00,5a4d08ba-b901-54d7-9dd0-f30bee11c8f5,Within one year: 1915754090,1.0,5fdccb7b-0e72-54fe-beca-e117653bcacd,0.75,41.0,"Repayable on demand 2,295,018,105 1,615,518,466 Within one year 2,266,402,672 1,915,754,090 One to five years 2,005,356,927 3,042,190,939 Over five years 1,577,594,719 803,333,155 8,144,372,423 7,376,796,650"
b658bc41-dc6d-5dd2-85b6-b224aa4ab7c7,E:\10 Academy\Week 3\document-intelligence-refinery\data\CBE Annual Report 2006-7 .pdf,cefbff4a0c5a04cf1f959ab234d06a0e93f5501cc12464dcbcd004b6e3b4f9e6,25,ocr_heavy+llm_assisted+regex,60,230,252,2026-04-02T12:45:47.817464+00:00,28fffc94-5471-5c18-b53d-5bb9dc32e7f2,One to five years: 2005356927,1.0,d9d52a3c-cfeb-50d5-99d0-8cfda1ec80aa,0.75,41.0,"Repayable on demand 2,295,018,105 1,615,518,466 Within one year 2,266,402,672 1,915,754,090 One to five years 2,005,356,927 3,042,190,939 Over five years 1,577,594,719 803,333,155 8,144,372,423 7,376,796,650"
b658bc41-dc6d-5dd2-85b6-b224aa4ab7c7,E:\10 Academy\Week 3\document-intelligence-refinery\data\CBE Annual Report 2006-7 .pdf,cefbff4a0c5a04cf1f959ab234d06a0e93f5501cc12464dcbcd004b6e3b4f9e6,25,ocr_heavy+llm_assisted+regex,60,230,252,2026-04-02T12:45:47.817464+00:00,c157d47c-9c5d-59b7-b99e-e5ab2f900e27,One to five years: 3042190939,1.0,d9d52a3c-cfeb-50d5-99d0-8cfda1ec80aa,0.75,41.0,"Repayable on demand 2,295,018,105 1,615,518,466 Within one year 2,266,402,672 1,915,754,090 One to five years 2,005,356,927 3,042,190,939 Over five years 1,577,594,719 803,333,155 8,144,372,423 7,376,796,650"
b658bc41-dc6d-5dd2-85b6-b224aa4ab7c7,E:\10 Academy\Week 3\document-intelligence-refinery\data\CBE Annual Report 2006-7 .pdf,cefbff4a0c5a04cf1f959ab234d06a0e93f5501cc12464dcbcd004b6e3b4f9e6,25,ocr_heavy+llm_assisted+regex,60,230,252,2026-04-02T12:45:47.817464+00:00,658d0e65-7922-5e94-a214-fea8cb8a7c0c,Over five years: 1577594719,1.0,f21d093e-6f5e-5324-bbae-d4ab81531152,0.75,41.0,"Repayable on demand 2,295,018,105 1,615,518,466 Within one year 2,266,402,672 1,915,754,090 One to five years 2,005,356,927 3,042,190,939 Over five years 1,577,594,719 803,333,155 8,144,372,423 7,376,796,650"
b658bc41-dc6d-5dd2-85b6-b224aa4ab7c7,E:\10 Academy\Week 3\document-intelligence-refinery\data\CBE Annual Report 2006-7 .pdf,cefbff4a0c5a04cf1f959ab234d06a0e93f5501cc12464dcbcd004b6e3b4f9e6,25,ocr_heavy+llm_assisted+regex,60,230,252,2026-04-02T12:45:47.817464+00:00,0522af9e-f601-5aa3-bf92-530e91554a87,Over five years: 803333155,1.0,f21d093e-6f5e-5324-bbae-d4ab81531152,0.75,41.0,"Repayable on demand 2,295,018,105 1,615,518,466 Within one year 2,266,402,672 1,915,754,090 One to five years 2,005,356,927 3,042,190,939 Over five years 1,577,594,719 803,333,155 8,144,372,423 7,376,796,650"
b658bc41-dc6d-5dd2-85b6-b224aa4ab7c7,E:\10 Academy\Week 3\document-intelligence-refinery\data\CBE Annual Report 2006-7 .pdf,cefbff4a0c5a04cf1f959ab234d06a0e93f5501cc12464dcbcd004b6e3b4f9e6,25,ocr_heavy+llm_assisted+regex,60,230,252,2026-04-02T12:45:47.817464+00:00,07ebe0f2-2700-52f9-a3cb-56819665e351,Total: 8144372423,0.0,,0.75,41.0,"Repayable on demand 2,295,018,105 1,615,518,466 Within one year 2,266,402,672 1,915,754,090 One to five years 2,005,356,927 3,042,190,939 Over five years 1,577,594,719 803,333,155 8,144,372,423 7,376,796,650"
b658bc41-dc6d-5dd2-85b6-b224aa4ab7c7,E:\10 Academy\Week 3\document-intelligence-refinery\data\CBE Annual Report 2006-7 .pdf,cefbff4a0c5a04cf1f959ab234d06a0e93f5501cc12464dcbcd004b6e3b4f9e6,25,ocr_heavy+llm_assisted+regex,60,230,252,2026-04-02T12:45:47.817464+00:00,824dfa9c-5637-5f19-8209-43d418fc776d,Total: 7376796650,0.0,,0.75,41.0,"Repayable on demand 2,295,018,105 1,615,518,466 Within one year 2,266,402,672 1,915,754,090 One to five years 2,005,356,927 3,042,190,939 Over five years 1,577,594,719 803,333,155 8,144,372,423 7,376,796,650"
b658bc41-dc6d-5dd2-85b6-b224aa4ab7c7,E:\10 Academy\Week 3\document-intelligence-refinery\data\CBE Annual Report 2006-7 .pdf,cefbff4a0c5a04cf1f959ab234d06a0e93f5501cc12464dcbcd004b6e3b4f9e6,25,ocr_heavy+llm_assisted+regex,60,230,252,2026-04-02T12:45:47.817464+00:00,887a1a53-6f38-5267-a5d7-f1c064f94c3b,"Agriculture: 1,842,086,428",1.0,e5794a9b-8f3b-5cce-ad54-16e584d5906d,0.7,41.0,"Agriculture 1,842,086,428 1,586,404,250 Manufacturing 1,497,427,022 1,329,593,215 Domestic trade and services 2,813,128,250 3,164,123,806 Foreign trade 2,768,716,859 2,444,074,489 Building and construction 549,974,058 449,172,956 Persona..."
b658bc41-dc6d-5dd2-85b6-b224aa4ab7c7,E:\10 Academy\Week 3\document-intelligence-refinery\data\CBE Annual Report 2006-7 .pdf,cefbff4a0c5a04cf1f959ab234d06a0e93f5501cc12464dcbcd004b6e3b4f9e6,25,ocr_heavy+llm_assisted+regex,60,230,252,2026-04-02T12:45:47.817464+00:00,4046e6a0-7eaf-5363-aee2-83289f2a3270,"Manufacturing: 1,497,427,022",1.0,7c61d896-9982-5352-9cbe-9a20e45ea2f5,0.7,41.0,"Agriculture 1,842,086,428 1,586,404,250 Manufacturing 1,497,427,022 1,329,593,215 Domestic trade and services 2,813,128,250 3,164,123,806 Foreign trade 2,768,716,859 2,444,074,489 Building and construction 549,974,058 449,172,956 Persona..."
b658bc41-dc6d-5dd2-85b6-b224aa4ab7c7,E:\10 Academy\Week 3\document-intelligence-refinery\data\CBE Annual Report 2006-7 .pdf,cefbff4a0c5a04cf1f959ab234d06a0e93f5501cc12464dcbcd004b6e3b4f9e6,25,ocr_heavy+llm_assisted+regex,60,230,252,2026-04-02T12:45:47.817464+00:00,8cc813ae-1137-5c2f-a36f-d1e43dc8c825,"Domestic trade and services: 2,813,128,250",1.0,198f7835-e239-530c-a51e-a9932f91d8c6,0.7,41.0,"Agriculture 1,842,086,428 1,586,404,250 Manufacturing 1,497,427,022 1,329,593,215 Domestic trade and services 2,813,128,250 3,164,123,806 Foreign trade 2,768,716,859 2,444,074,489 Building and construction 549,974,058 449,172,956 Persona..."
b658bc41-dc6d-5dd2-85b6-b224aa4ab7c7,E:\10 Academy\Week 3\document-intelligence-refinery\data\CBE Annual Report 2006-7 .pdf,cefbff4a0c5a04cf1f959ab234d06a0e93f5501cc12464dcbcd004b6e3b4f9e6,25,ocr_heavy+llm_assisted+regex,60,230,252,2026-04-02T12:45:47.817464+00:00,1b382ffb-6cff-51f9-885a-82169f62db11,"Foreign trade: 2,768,716,859",1.0,b419f5ec-8399-500d-928a-d56cf7bd06d9,0.7,41.0,"Agriculture 1,842,086,428 1,586,404,250 Manufacturing 1,497,427,022 1,329,593,215 Domestic trade and services 2,813,128,250 3,164,123,806 Foreign trade 2,768,716,859 2,444,074,489 Building and construction 549,974,058 449,172,956 Persona..."
b658bc41-dc6d-5dd2-85b6-b224aa4ab7c7,E:\10 Academy\Week 3\document-intelligence-refinery\data\CBE Annual Report 2006-7 .pdf,cefbff4a0c5a04cf1f959ab234d06a0e93f5501cc12464dcbcd004b6e3b4f9e6,25,ocr_heavy+llm_assisted+regex,60,230,252,2026-04-02T12:45:47.817464+00:00,9507c3b8-44c1-5cef-8643-d30f4560aac1,"Building and construction: 549,974,058",1.0,7c1052a6-08ca-501e-a2a5-6c91b7446308,0.7,41.0,"Agriculture 1,842,086,428 1,586,404,250 Manufacturing 1,497,427,022 1,329,593,215 Domestic trade and services 2,813,128,250 3,164,123,806 Foreign trade 2,768,716,859 2,444,074,489 Building and construction 549,974,058 449,172,956 Persona..."
b658bc41-dc6d-5dd2-85b6-b224aa4ab7c7,E:\10 Academy\Week 3\document-intelligence-refinery\data\CBE Annual Report 2006-7 .pdf,cefbff4a0c5a04cf1f959ab234d06a0e93f5501cc12464dcbcd004b6e3b4f9e6,25,ocr_heavy+llm_assisted+regex,60,230,252,2026-04-02T12:45:47.817464+00:00,4f65ba07-3170-5b8b-b6c5-73e511d15bfd,"Personal loans: 61,593,085",1.0,96074ca9-fe7c-521f-861a-ae0c579f7b82,0.7,41.0,"Agriculture 1,842,086,428 1,586,404,250 Manufacturing 1,497,427,022 1,329,593,215 Domestic trade and services 2,813,128,250 3,164,123,806 Foreign trade 2,768,716,859 2,444,074,489 Building and construction 549,974,058 449,172,956 Persona..."
b658bc41-dc6d-5dd2-85b6-b224aa4ab7c7,E:\10 Academy\Week 3\document-intelligence-refinery\data\CBE Annual Report 2006-7 .pdf,cefbff4a0c5a04cf1f959ab234d06a0e93f5501cc12464dcbcd004b6e3b4f9e6,25,ocr_heavy+llm_assisted+regex,60,230,252,2026-04-02T12:45:47.817464+00:00,b6ecb96c-664a-5487-bd09-7537d89c8946,Agriculture: 1842086428,0.0,,0.75,41.0,"Agriculture 1,842,086,428 1,586,404,250 Manufacturing 1,497,427,022 1,329,593,215 Domestic trade and services 2,813,128,250 3,164,123,806 Foreign trade 2,768,716,859 2,444,074,489 Building and construction 549,974,058 449,172,956 Persona..."
b658bc41-dc6d-5dd2-85b6-b224aa4ab7c7,E:\10 Academy\Week 3\document-intelligence-refinery\data\CBE Annual Report 2006-7 .pdf,cefbff4a0c5a04cf1f959ab234d06a0e93f5501cc12464dcbcd004b6e3b4f9e6,25,ocr_heavy+llm_assisted+regex,60,230,252,2026-04-02T12:45:47.817464+00:00,9d3b9535-dc73-5d09-9869-effdd647efe3,Agriculture: 1586404250,0.0,,0.75,41.0,"Agriculture 1,842,086,428 1,586,404,250 Manufacturing 1,497,427,022 1,329,593,215 Domestic trade and services 2,813,128,250 3,164,123,806 Foreign trade 2,768,716,859 2,444,074,489 Building and construction 549,974,058 449,172,956 Persona..."
b658bc41-dc6d-5dd2-85b6-b224aa4ab7c7,E:\10 Academy\Week 3\document-intelligence-refinery\data\CBE Annual Report 2006-7 .pdf,cefbff4a0c5a04cf1f959ab234d06a0e93f5501cc12464dcbcd004b6e3b4f9e6,25,ocr_heavy+llm_assisted+regex,60,230,252,2026-04-02T12:45:47.817464+00:00,ca3fb743-2249-5037-a037-f6dd59ab080b,Manufacturing: 1497427022,0.0,,0.75,41.0,"Agriculture 1,842,086,428 1,586,404,250 Manufacturing 1,497,427,022 1,329,593,215 Domestic trade and services 2,813,128,250 3,164,123,806 Foreign trade 2,768,716,859 2,444,074,489 Building and construction 549,974,058 449,172,956 Persona..."
b658bc41-dc6d-5dd2-85b6-b224aa4ab7c7,E:\10 Academy\Week 3\document-intelligence-refinery\data\CBE Annual Report 2006-7 .pdf,cefbff4a0c5a04cf1f959ab234d06a0e93f5501cc12464dcbcd004b6e3b4f9e6,25,ocr_heavy+llm_assisted+regex,60,230,252,2026-04-02T12:45:47.817464+00:00,f710cb59-319c-573f-b7ad-381bfd6782e7,Manufacturing: 1329593215,0.0,,0.75,41.0,"Agriculture 1,842,086,428 1,586,404,250 Manufacturing 1,497,427,022 1,329,593,215 Domestic trade and services 2,813,128,250 3,164,123,806 Foreign trade 2,768,716,859 2,444,074,489 Building and construction 549,974,058 449,172,956 Persona..."
b658bc41-dc6d-5dd2-85b6-b224aa4ab7c7,E:\10 Academy\Week 3\document-intelligence-refinery\data\CBE Annual Report 2006-7 .pdf,cefbff4a0c5a04cf1f959ab234d06a0e93f5501cc12464dcbcd004b6e3b4f9e6,25,ocr_heavy+llm_assisted+regex,60,230,252,2026-04-02T12:45:47.817464+00:00,095718c8-18f9-5d3b-9ccf-0c84fd2b8d2b,Domestic trade and services: 2813128250,0.0,,0.75,41.0,"Agriculture 1,842,086,428 1,586,404,250 Manufacturing 1,497,427,022 1,329,593,215 Domestic trade and services 2,813,128,250 3,164,123,806 Foreign trade 2,768,716,859 2,444,074,489 Building and construction 549,974,058 449,172,956 Persona..."
b658bc41-dc6d-5dd2-85b6-b224aa4ab7c7,E:\10 Academy\Week 3\document-intelligence-refinery\data\CBE Annual Report 2006-7 .pdf,cefbff4a0c5a04cf1f959ab234d06a0e93f5501cc12464dcbcd004b6e3b4f9e6,25,ocr_heavy+llm_assisted+regex,60,230,252,2026-04-02T12:45:47.817464+00:00,e317e3b3-9a75-56c0-af5b-ddf656a28dce,Domestic trade and services: 3164123806,0.0,,0.75,41.0,"Agriculture 1,842,086,428 1,586,404,250 Manufacturing 1,497,427,022 1,329,593,215 Domestic trade and services 2,813,128,250 3,164,123,806 Foreign trade 2,768,716,859 2,444,074,489 Building and construction 549,974,058 449,172,956 Persona..."
b658bc41-dc6d-5dd2-85b6-b224aa4ab7c7,E:\10 Academy\Week 3\document-intelligence-refinery\data\CBE Annual Report 2006-7 .pdf,cefbff4a0c5a04cf1f959ab234d06a0e93f5501cc12464dcbcd004b6e3b4f9e6,25,ocr_heavy+llm_assisted+regex,60,230,252,2026-04-02T12:45:47.817464+00:00,13d8f67e-c177-553a-9927-05557996f07f,Foreign trade: 2768716859,0.0,,0.75,41.0,"Agriculture 1,842,086,428 1,586,404,250 Manufacturing 1,497,427,022 1,329,593,215 Domestic trade and services 2,813,128,250 3,164,123,806 Foreign trade 2,768,716,859 2,444,074,489 Building and construction 549,974,058 449,172,956 Persona..."
b658bc41-dc6d-5dd2-85b6-b224aa4ab7c7,E:\10 Academy\Week 3\document-intelligence-refinery\data\CBE Annual Report 2006-7 .pdf,cefbff4a0c5a04cf1f959ab234d06a0e93f5501cc12464dcbcd004b6e3b4f9e6,25,ocr_heavy+llm_assisted+regex,60,230,252,2026-04-02T12:45:47.817464+00:00,ffc310e3-be6d-5510-82dd-aaeddc54f4fc,Foreign trade: 2444074489,0.0,,0.75,41.0,"Agriculture 1,842,086,428 1,586,404,250 Manufacturing 1,497,427,022 1,329,593,215 Domestic trade and services 2,813,128,250 3,164,123,806 Foreign trade 2,768,716,859 2,444,074,489 Building and construction 549,974,058 449,172,956 Persona..."
b658bc41-dc6d-5dd2-85b6-b224aa4ab7c7,E:\10 Academy\Week 3\document-intelligence-refinery\data\CBE Annual Report 2006-7 .pdf,cefbff4a0c5a04cf1f959ab234d06a0e93f5501cc12464dcbcd004b6e3b4f9e6,25,ocr_heavy+llm_assisted+regex,60,230,252,2026-04-02T12:45:47.817464+00:00,10f72f45-6ac9-5755-a23e-8bbbec331071,Building and construction: 549974058,0.0,,0.75,41.0,"Agriculture 1,842,086,428 1,586,404,250 Manufacturing 1,497,427,022 1,329,593,215 Domestic trade and services 2,813,128,250 3,164,123,806 Foreign trade 2,768,716,859 2,444,074,489 Building and construction 549,974,058 449,172,956 Persona..."
b658bc41-dc6d-5dd2-85b6-b224aa4ab7c7,E:\10 Academy\Week 3\document-intelligence-refinery\data\CBE Annual Report 2006-7 .pdf,cefbff4a0c5a04cf1f959ab234d06a0e93f5501cc12464dcbcd004b6e3b4f9e6,25,ocr_heavy+llm_assisted+regex,60,230,252,2026-04-02T12:45:47.817464+00:00,1f15fc51-4ef4-5e97-a5a5-be8c31ab9b78,Building and construction: 449172956,0.0,,0.75,41.0,"Agriculture 1,842,086,428 1,586,404,250 Manufacturing 1,497,427,022 1,329,593,215 Domestic trade and services 2,813,128,250 3,164,123,806 Foreign trade 2,768,716,859 2,444,074,489 Building and construction 549,974,058 449,172,956 Persona..."
b658bc41-dc6d-5dd2-85b6-b224aa4ab7c7,E:\10 Academy\Week 3\document-intelligence-refinery\data\CBE Annual Report 2006-7 .pdf,cefbff4a0c5a04cf1f959ab234d06a0e93f5501cc12464dcbcd004b6e3b4f9e6,25,ocr_heavy+llm_assisted+regex,60,230,252,2026-04-02T12:45:47.817464+00:00,33d63388-1a19-57b4-b22e-6d580cbe96d6,Personal loans: 61593085,0.0,,0.75,41.0,"Agriculture 1,842,086,428 1,586,404,250 Manufacturing 1,497,427,022 1,329,593,215 Domestic trade and services 2,813,128,250 3,164,123,806 Foreign trade 2,768,716,859 2,444,074,489 Building and construction 549,974,058 449,172,956 Persona..."
b658bc41-dc6d-5dd2-85b6-b224aa4ab7c7,E:\10 Academy\Week 3\document-intelligence-refinery\data\CBE Annual Report 2006-7 .pdf,cefbff4a0c5a04cf1f959ab234d06a0e93f5501cc12464dcbcd004b6e3b4f9e6,25,ocr_heavy+llm_assisted+regex,60,230,252,2026-04-02T12:45:47.817464+00:00,6d6ea599-9f13-591e-ba4b-4a0e184fe170,Personal loans: 47152987,0.0,,0.75,41.0,"Agriculture 1,842,086,428 1,586,404,250 Manufacturing 1,497,427,022 1,329,593,215 Domestic trade and services 2,813,128,250 3,164,123,806 Foreign trade 2,768,716,859 2,444,074,489 Building and construction 549,974,058 449,172,956 Persona..."
c586c3cc-55e0-5e17-b478-d1566900149e,E:\10 Academy\Week 3\document-intelligence-refinery\data\CBE Annual Report 2008-9 .pdf,7bd708e91603fe2f718e1956ac6a28411c72fbdd7bb60ee1bc6e362d6a29efe4,0,ocr_heavy,36,0,0,2026-04-02T12:48:01.260564+00:00,,,,,,,
ca7dac0a-8ac1-56be-80a2-20bf2c7a4747,E:\10 Academy\Week 3\document-intelligence-refinery\data\CBE Annual Report 2009-10.pdf,94949b83831cee4b80c0336bb5b482467386c2a3d06b629f7ed6766ab087f549,0,ocr_heavy,29,0,0,2026-04-02T12:48:01.647858+00:00,,,,,,,
c9d264fa-622e-5deb-90c1-9a3cbf11c0cd,E:\10 Academy\Week 3\document-intelligence-refinery\data\CBE Annual Report 2010-11.pdf,355d1850668ed94339ec01ec5dab21de4f13224498c64f55b91b93b1f13b28d7,0,ocr_heavy,16,0,0,2026-04-02T12:48:02.287274+00:00,,,,,,,
2e74b991-90d5-5928-85cc-3f2772f6146f,E:\10 Academy\Week 3\document-intelligence-refinery\data\CBE Annual Report 2011-12.pdf,07bc09572756e5361f00a41a67b75bc3beb5e482c61b417160dd7421e9519ce8,0,ocr_heavy,23,0,0,2026-04-02T12:48:02.772247+00:00,,,,,,,
2e230736-6028-59b8-aab7-768392135f2a,E:\10 Academy\Week 3\document-intelligence-refinery\data\CBE Annual Report 2012-13.pdf,09538d60162b5f969ff5199e11c3a8dc1022982eb54e52003046f95a0774c6c9,12,layout_aware,1523,220,19,2026-04-02T12:48:09.050109+00:00,,,,,,,
6dfd1aee-33fb-5609-b402-e8eb3da94d88,E:\10 Academy\Week 3\document-intelligence-refinery\data\CBE Annual Report 2013-14.pdf,112274243a140d51f2d26128f138597d66185575ca0f7c1a9de945a9c5f40950,0,ocr_heavy,19,0,0,2026-04-02T12:48:18.379019+00:00,,,,,,,
3fb55be1-93d3-53e3-91b6-af37bd5e52f9,E:\10 Academy\Week 3\document-intelligence-refinery\data\CBE Annual Report 2014-15.pdf,e7da9f8a06b54af62171687fc744b0d4bdf695dea80447ec345c4d80dda474c5,0,ocr_heavy,21,0,0,2026-04-02T12:48:18.725435+00:00,,,,,,,
05d61202-6f23-557a-9fda-53c11080cbdc,E:\10 Academy\Week 3\document-intelligence-refinery\data\CBE Annual Report 2015-16.pdf,db4b152f3818f680dd424fb7f5990d57c250710e56d164ee6afa57aa85f3a846,0,ocr_heavy,23,0,0,2026-04-02T12:48:19.032888+00:00,,,,,,,
afc3a281-a60b-5a03-aaaf-5ab75090f6e0,E:\10 Academy\Week 3\document-intelligence-refinery\data\CBE Annual Report 2015-16_1.pdf,db4b152f3818f680dd424fb7f5990d57c250710e56d164ee6afa57aa85f3a846,0,ocr_heavy,16,0,0,2026-04-02T12:48:19.483880+00:00,,,,,,,
b2dc18c7-f673-5c6a-9c6c-c2a76583bee4,E:\10 Academy\Week 3\document-intelligence-refinery\data\CBE Annual Report 2016-17.pdf,8540e3a6aed3db075f4746ae9e8532f3e758383cbf0b28487181892f02d1009b,45,layout_aware,1575,1193,79,2026-04-02T12:48:25.560042+00:00,,,,,,,
308a5bfd-8fc4-5fc7-bb3f-1f9c6c516836,E:\10 Academy\Week 3\document-intelligence-refinery\data\CBE Annual Report 2017-18.pdf,f1276706ae519a51bd7a12ac3b45a9426ace7335597d972fe4217ff6c9030b00,24,layout_aware,1380,833,31,2026-04-02T12:48:57.292821+00:00,,,,,,,
c6c3adef-cff2-548a-87ce-4fbe219561dc,E:\10 Academy\Week 3\document-intelligence-refinery\data\CBE Annual Report 2018-19.pdf,5365169a9e98a9ed68597d71a96218c74e3897001ef2247a405b79a7d7ebf62f,20,layout_aware,1940,782,27,2026-04-02T12:49:29.573165+00:00,,,,,,,
7adfc0c5-0eec-55c0-89f0-49e7be2d3c1c,E:\10 Academy\Week 3\document-intelligence-refinery\data\CBE ANNUAL REPORT 2023-24.pdf,cafb11ca016fe4870c945fc2f8fe8b5fcc86bf6ee56da5327d4fd446456a7050,27,layout_aware,1270,1249,39,2026-04-02T12:49:57.466954+00:00,,,,,,,
eec43500-6349-53ab-9b11-e30f11e1ccd3,E:\10 Academy\Week 3\document-intelligence-refinery\data\Company_Profile_2024_25.pdf,7e20fe6fec83cd6b7b4ec00ce00a7e40ac1ac4c24fb883eb5856efddf9e8a7c0,28,layout_aware,977,2648,63,2026-04-02T12:50:13.375911+00:00,,,,,,,
f4991518-0719-5876-8b5d-8208feced2c1,E:\10 Academy\Week 3\document-intelligence-refinery\data\Consumer Price Index August 2025.pdf,1ec244e90192469041816456ce65e7b1a96a69f40b62a03e20a89d6aec8ab90c,50,layout_aware+table_parse,1926,1922,113,2026-04-02T12:50:43.117754+00:00,6710c6f0-e4df-51cf-9ec7-683534bedcd5,September: 2.4,2.0,5e932e0c-c551-5a52-a8a6-bc01abc78ad9|1efa170d-d204-5d6b-8aff-04613f0d249c,0.9,5.0,Month | General month-to-month inflation --- | --- August-EFY 2016 | 1.2 September | 2.4 October | 0.9 November | -0.8 December | 0.8 January | 0.6 February | 0.5 March | 2.7 April | 0.1 May | 0.2 June | 0.5 July | 1.3 August-EFY 2017 | 1.1
f4991518-0719-5876-8b5d-8208feced2c1,E:\10 Academy\Week 3\document-intelligence-refinery\data\Consumer Price Index August 2025.pdf,1ec244e90192469041816456ce65e7b1a96a69f40b62a03e20a89d6aec8ab90c,50,layout_aware+table_parse,1926,1922,113,2026-04-02T12:50:43.117754+00:00,bb7077ba-4c70-593b-acfc-6c3f4bf7a71b,October: 0.9,2.0,95293cf5-1af8-5d69-8cd8-c16db190d518|1efa170d-d204-5d6b-8aff-04613f0d249c,0.9,5.0,Month | General month-to-month inflation --- | --- August-EFY 2016 | 1.2 September | 2.4 October | 0.9 November | -0.8 December | 0.8 January | 0.6 February | 0.5 March | 2.7 April | 0.1 May | 0.2 June | 0.5 July | 1.3 August-EFY 2017 | 1.1
f4991518-0719-5876-8b5d-8208feced2c1,E:\10 Academy\Week 3\document-intelligence-refinery\data\Consumer Price Index August 2025.pdf,1ec244e90192469041816456ce65e7b1a96a69f40b62a03e20a89d6aec8ab90c,50,layout_aware+table_parse,1926,1922,113,2026-04-02T12:50:43.117754+00:00,0d4cd3fb-36b3-5245-beb9-0e5663607699,December: 0.8,2.0,7bbdb8bc-9b70-5df2-a752-bd1c2de9ab78|1efa170d-d204-5d6b-8aff-04613f0d249c,0.9,5.0,Month | General month-to-month inflation --- | --- August-EFY 2016 | 1.2 September | 2.4 October | 0.9 November | -0.8 December | 0.8 January | 0.6 February | 0.5 March | 2.7 April | 0.1 May | 0.2 June | 0.5 July | 1.3 August-EFY 2017 | 1.1
f4991518-0719-5876-8b5d-8208feced2c1,E:\10 Academy\Week 3\document-intelligence-refinery\data\Consumer Price Index August 2025.pdf,1ec244e90192469041816456ce65e7b1a96a69f40b62a03e20a89d6aec8ab90c,50,layout_aware+table_parse,1926,1922,113,2026-04-02T12:50:43.117754+00:00,03ceb50b-745e-5cad-a68c-abbaf6a9bb47,January: 0.6,2.0,24b2c9b3-8e39-5ee9-b901-7fc2e2c0b198|1efa170d-d204-5d6b-8aff-04613f0d249c,0.9,5.0,Month | General month-to-month inflation --- | --- August-EFY 2016 | 1.2 September | 2.4 October | 0.9 November | -0.8 December | 0.8 January | 0.6 February | 0.5 March | 2.7 April | 0.1 May | 0.2 June | 0.5 July | 1.3 August-EFY 2017 | 1.1
f4991518-0719-5876-8b5d-8208feced2c1,E:\10 Academy\Week 3\document-intelligence-refinery\data\Consumer Price Index August 2025.pdf,1ec244e90192469041816456ce65e7b1a96a69f40b62a03e20a89d6aec8ab90c,50,layout_aware+table_parse,1926,1922,113,2026-04-02T12:50:43.117754+00:00,f7a13c17-8e59-583f-bf5d-f7db85727ffd,February: 0.5,2.0,aa6b815b-719d-5f32-927e-f0770d1f86d6|1efa170d-d204-5d6b-8aff-04613f0d249c,0.9,5.0,Month | General month-to-month inflation --- | --- August-EFY 2016 | 1.2 September | 2.4 October | 0.9 November | -0.8 December | 0.8 January | 0.6 February | 0.5 March | 2.7 April | 0.1 May | 0.2 June | 0.5 July | 1.3 August-EFY 2017 | 1.1
f4991518-0719-5876-8b5d-8208feced2c1,E:\10 Academy\Week 3\document-intelligence-refinery\data\Consumer Price Index August 2025.pdf,1ec244e90192469041816456ce65e7b1a96a69f40b62a03e20a89d6aec8ab90c,50,layout_aware+table_parse,1926,1922,113,2026-04-02T12:50:43.117754+00:00,f8d83cba-c847-5b84-bf24-faacf5d43bfb,March: 2.7,2.0,aef0f9ab-6c69-5461-b297-eb42aa3e7521|1efa170d-d204-5d6b-8aff-04613f0d249c,0.9,5.0,Month | General month-to-month inflation --- | --- August-EFY 2016 | 1.2 September | 2.4 October | 0.9 November | -0.8 December | 0.8 January | 0.6 February | 0.5 March | 2.7 April | 0.1 May | 0.2 June | 0.5 July | 1.3 August-EFY 2017 | 1.1
f4991518-0719-5876-8b5d-8208feced2c1,E:\10 Academy\Week 3\document-intelligence-refinery\data\Consumer Price Index August 2025.pdf,1ec244e90192469041816456ce65e7b1a96a69f40b62a03e20a89d6aec8ab90c,50,layout_aware+table_parse,1926,1922,113,2026-04-02T12:50:43.117754+00:00,904c6ed5-70ec-52b3-a19f-a27eb7af9360,April: 0.1,2.0,fa92db29-bcc7-5d53-b01e-70c728e5ce51|1efa170d-d204-5d6b-8aff-04613f0d249c,0.9,5.0,Month | General month-to-month inflation --- | --- August-EFY 2016 | 1.2 September | 2.4 October | 0.9 November | -0.8 December | 0.8 January | 0.6 February | 0.5 March | 2.7 April | 0.1 May | 0.2 June | 0.5 July | 1.3 August-EFY 2017 | 1.1
f4991518-0719-5876-8b5d-8208feced2c1,E:\10 Academy\Week 3\document-intelligence-refinery\data\Consumer Price Index August 2025.pdf,1ec244e90192469041816456ce65e7b1a96a69f40b62a03e20a89d6aec8ab90c,50,layout_aware+table_parse,1926,1922,113,2026-04-02T12:50:43.117754+00:00,8c43fc97-9b20-5eae-b3ac-42b82e130c78,May: 0.2,2.0,5bafb6a1-782b-5105-80f3-38ed378360e2|1efa170d-d204-5d6b-8aff-04613f0d249c,0.9,5.0,Month | General month-to-month inflation --- | --- August-EFY 2016 | 1.2 September | 2.4 October | 0.9 November | -0.8 December | 0.8 January | 0.6 February | 0.5 March | 2.7 April | 0.1 May | 0.2 June | 0.5 July | 1.3 August-EFY 2017 | 1.1
f4991518-0719-5876-8b5d-8208feced2c1,E:\10 Academy\Week 3\document-intelligence-refinery\data\Consumer Price Index August 2025.pdf,1ec244e90192469041816456ce65e7b1a96a69f40b62a03e20a89d6aec8ab90c,50,layout_aware+table_parse,1926,1922,113,2026-04-02T12:50:43.117754+00:00,38b929b4-31bd-574c-ac92-18065eb1f6b9,June: 0.5,2.0,3ecd6510-2303-5833-8f00-890cb4aaab38|1efa170d-d204-5d6b-8aff-04613f0d249c,0.9,5.0,Month | General month-to-month inflation --- | --- August-EFY 2016 | 1.2 September | 2.4 October | 0.9 November | -0.8 December | 0.8 January | 0.6 February | 0.5 March | 2.7 April | 0.1 May | 0.2 June | 0.5 July | 1.3 August-EFY 2017 | 1.1
f4991518-0719-5876-8b5d-8208feced2c1,E:\10 Academy\Week 3\document-intelligence-refinery\data\Consumer Price Index August 2025.pdf,1ec244e90192469041816456ce65e7b1a96a69f40b62a03e20a89d6aec8ab90c,50,layout_aware+table_parse,1926,1922,113,2026-04-02T12:50:43.117754+00:00,090cea31-6dac-509b-a94f-5bcb83d4b776,July: 1.3,2.0,7d43bc10-c281-5f9d-8c5e-e823b0e8abe1|1efa170d-d204-5d6b-8aff-04613f0d249c,0.9,5.0,Month | General month-to-month inflation --- | --- August-EFY 2016 | 1.2 September | 2.4 October | 0.9 November | -0.8 December | 0.8 January | 0.6 February | 0.5 March | 2.7 April | 0.1 May | 0.2 June | 0.5 July | 1.3 August-EFY 2017 | 1.1
cfa2c3da-967e-5f8a-a853-9f0c5f81d9eb,E:\10 Academy\Week 3\document-intelligence-refinery\data\Consumer Price Index July 2025.pdf,e1d8fb5a5301dcc88e6450ba61a7ac7bf4b7294b4e312c6938845fb5b6cfaade,48,layout_aware+table_parse,2059,1937,107,2026-04-02T12:51:03.071212+00:00,22bd6854-30e2-5485-822e-514443cbcac9,August: 1.2,2.0,ff83ed4f-489b-5aa8-bb28-dea9026ea9fa|85bae189-5cc7-5426-8374-1af2f6289cfa,0.9,5.0,Month | General month-to-month inflation --- | --- July-EFY 2016 | 1.5 August | 1.2 September | 2.4 October | 0.9 November | -0.8 December | 0.8 January | 0.6 February | 0.5 March | 2.7 April | 0.1 May | 0.2 June | 0.5 July-EFY 2017 | 1.3
cfa2c3da-967e-5f8a-a853-9f0c5f81d9eb,E:\10 Academy\Week 3\document-intelligence-refinery\data\Consumer Price Index July 2025.pdf,e1d8fb5a5301dcc88e6450ba61a7ac7bf4b7294b4e312c6938845fb5b6cfaade,48,layout_aware+table_parse,2059,1937,107,2026-04-02T12:51:03.071212+00:00,e4c41f3e-f114-551b-a045-d8a55b07151b,September: 2.4,2.0,b08e0ffe-0458-541f-9f47-83a474f52813|85bae189-5cc7-5426-8374-1af2f6289cfa,0.9,5.0,Month | General month-to-month inflation --- | --- July-EFY 2016 | 1.5 August | 1.2 September | 2.4 October | 0.9 November | -0.8 December | 0.8 January | 0.6 February | 0.5 March | 2.7 April | 0.1 May | 0.2 June | 0.5 July-EFY 2017 | 1.3
cfa2c3da-967e-5f8a-a853-9f0c5f81d9eb,E:\10 Academy\Week 3\document-intelligence-refinery\data\Consumer Price Index July 2025.pdf,e1d8fb5a5301dcc88e6450ba61a7ac7bf4b7294b4e312c6938845fb5b6cfaade,48,layout_aware+table_parse,2059,1937,107,2026-04-02T12:51:03.071212+00:00,849df2ba-b425-5a9a-96cb-c01af36ebb3f,October: 0.9,2.0,5a9480bd-d027-5aa9-b577-e51ab5bddc94|85bae189-5cc7-5426-8374-1af2f6289cfa,0.9,5.0,Month | General month-to-month inflation --- | --- July-EFY 2016 | 1.5 August | 1.2 September | 2.4 October | 0.9 November | -0.8 December | 0.8 January | 0.6 February | 0.5 March | 2.7 April | 0.1 May | 0.2 June | 0.5 July-EFY 2017 | 1.3
cfa2c3da-967e-5f8a-a853-9f0c5f81d9eb,E:\10 Academy\Week 3\document-intelligence-refinery\data\Consumer Price Index July 2025.pdf,e1d8fb5a5301dcc88e6450ba61a7ac7bf4b7294b4e312c6938845fb5b6cfaade,48,layout_aware+table_parse,2059,1937,107,2026-04-02T12:51:03.071212+00:00,6b76ff9f-9577-5c39-a50c-a1d73432b588,December: 0.8,2.0,7c9e64d6-8649-5a3b-a329-61b0a2476ef8|85bae189-5cc7-5426-8374-1af2f6289cfa,0.9,5.0,Month | General month-to-month inflation --- | --- July-EFY 2016 | 1.5 August | 1.2 September | 2.4 October | 0.9 November | -0.8 December | 0.8 January | 0.6 February | 0.5 March | 2.7 April | 0.1 May | 0.2 June | 0.5 July-EFY 2017 | 1.3
cfa2c3da-967e-5f8a-a853-9f0c5f81d9eb,E:\10 Academy\Week 3\document-intelligence-refinery\data\Consumer Price Index July 2025.pdf,e1d8fb5a5301dcc88e6450ba61a7ac7bf4b7294b4e312c6938845fb5b6cfaade,48,layout_aware+table_parse,2059,1937,107,2026-04-02T12:51:03.071212+00:00,ccf02d7c-c117-522f-b150-1700b27d7e9e,January: 0.6,2.0,96a29bea-b834-57ee-8b7a-18cd8e0ca637|85bae189-5cc7-5426-8374-1af2f6289cfa,0.9,5.0,Month | General month-to-month inflation --- | --- July-EFY 2016 | 1.5 August | 1.2 September | 2.4 October | 0.9 November | -0.8 December | 0.8 January | 0.6 February | 0.5 March | 2.7 April | 0.1 May | 0.2 June | 0.5 July-EFY 2017 | 1.3
cfa2c3da-967e-5f8a-a853-9f0c5f81d9eb,E:\10 Academy\Week 3\document-intelligence-refinery\data\Consumer Price Index July 2025.pdf,e1d8fb5a5301dcc88e6450ba61a7ac7bf4b7294b4e312c6938845fb5b6cfaade,48,layout_aware+table_parse,2059,1937,107,2026-04-02T12:51:03.071212+00:00,d2b47cc6-97b5-5689-8dc9-41899931bd32,February: 0.5,2.0,9673d09b-f7bf-5878-95bb-0928877febaa|85bae189-5cc7-5426-8374-1af2f6289cfa,0.9,5.0,Month | General month-to-month inflation --- | --- July-EFY 2016 | 1.5 August | 1.2 September | 2.4 October | 0.9 November | -0.8 December | 0.8 January | 0.6 February | 0.5 March | 2.7 April | 0.1 May | 0.2 June | 0.5 July-EFY 2017 | 1.3
cfa2c3da-967e-5f8a-a853-9f0c5f81d9eb,E:\10 Academy\Week 3\document-intelligence-refinery\data\Consumer Price Index July 2025.pdf,e1d8fb5a5301dcc88e6450ba61a7ac7bf4b7294b4e312c6938845fb5b6cfaade,48,layout_aware+table_parse,2059,1937,107,2026-04-02T12:51:03.071212+00:00,6e1997e9-b9f4-551b-93a5-aa486bf80892,March: 2.7,2.0,55560683-5c9e-5db8-a5bf-6b64d69ac94e|85bae189-5cc7-5426-8374-1af2f6289cfa,0.9,5.0,Month | General month-to-month inflation --- | --- July-EFY 2016 | 1.5 August | 1.2 September | 2.4 October | 0.9 November | -0.8 December | 0.8 January | 0.6 February | 0.5 March | 2.7 April | 0.1 May | 0.2 June | 0.5 July-EFY 2017 | 1.3
cfa2c3da-967e-5f8a-a853-9f0c5f81d9eb,E:\10 Academy\Week 3\document-intelligence-refinery\data\Consumer Price Index July 2025.pdf,e1d8fb5a5301dcc88e6450ba61a7ac7bf4b7294b4e312c6938845fb5b6cfaade,48,layout_aware+table_parse,2059,1937,107,2026-04-02T12:51:03.071212+00:00,d573d4f4-be74-54fa-a35c-2575353be526,April: 0.1,2.0,83bba21b-b0fd-554f-871c-27673ac7ced6|85bae189-5cc7-5426-8374-1af2f6289cfa,0.9,5.0,Month | General month-to-month inflation --- | --- July-EFY 2016 | 1.5 August | 1.2 September | 2.4 October | 0.9 November | -0.8 December | 0.8 January | 0.6 February | 0.5 March | 2.7 April | 0.1 May | 0.2 June | 0.5 July-EFY 2017 | 1.3
cfa2c3da-967e-5f8a-a853-9f0c5f81d9eb,E:\10 Academy\Week 3\document-intelligence-refinery\data\Consumer Price Index July 2025.pdf,e1d8fb5a5301dcc88e6450ba61a7ac7bf4b7294b4e312c6938845fb5b6cfaade,48,layout_aware+table_parse,2059,1937,107,2026-04-02T12:51:03.071212+00:00,7845e096-5e4d-5398-97fe-f26e119c7a40,May: 0.2,2.0,c0c03b63-7e21-5cce-bd60-679b0d885840|85bae189-5cc7-5426-8374-1af2f6289cfa,0.9,5.0,Month | General month-to-month inflation --- | --- July-EFY 2016 | 1.5 August | 1.2 September | 2.4 October | 0.9 November | -0.8 December | 0.8 January | 0.6 February | 0.5 March | 2.7 April | 0.1 May | 0.2 June | 0.5 July-EFY 2017 | 1.3
cfa2c3da-967e-5f8a-a853-9f0c5f81d9eb,E:\10 Academy\Week 3\document-intelligence-refinery\data\Consumer Price Index July 2025.pdf,e1d8fb5a5301dcc88e6450ba61a7ac7bf4b7294b4e312c6938845fb5b6cfaade,48,layout_aware+table_parse,2059,1937,107,2026-04-02T12:51:03.071212+00:00,902e4e47-e8af-5eff-aad7-e325f7439a1b,June: 0.5,2.0,b837de73-7857-560f-b8c5-c95f6d2ae2d7|85bae189-5cc7-5426-8374-1af2f6289cfa,0.9,5.0,Month | General month-to-month inflation --- | --- July-EFY 2016 | 1.5 August | 1.2 September | 2.4 October | 0.9 November | -0.8 December | 0.8 January | 0.6 February | 0.5 March | 2.7 April | 0.1 May | 0.2 June | 0.5 July-EFY 2017 | 1.3
934eabc1-2562-59fe-97d1-f0760462924d,E:\10 Academy\Week 3\document-intelligence-refinery\data\Consumer Price Index June 2025.pdf,c4adc09b7919325f373b8900b736c95c56b1803569380c26113cbf1b66de1f3e,50,layout_aware+table_parse,2145,1926,115,2026-04-02T12:51:33.702468+00:00,dd5cba8b-ca08-5ce1-ba72-0b6966900ad5,July: 1.5,2.0,64b64d56-d2f9-5c4f-b725-0107bd0883a6|991271f8-df10-554c-a504-1404a9b42b37,0.9,5.0,Month | General month-to-month inflation --- | --- June-EFY 2016 | 0.9 July | 1.5 August | 1.2 September | 2.4 October | 0.9 November | -0.8 December | 0.8 January | 0.6 February | 0.5 March | 2.7 April | 0.1 May | 0.2 June-EFY 2017 | 0.5
934eabc1-2562-59fe-97d1-f0760462924d,E:\10 Academy\Week 3\document-intelligence-refinery\data\Consumer Price Index June 2025.pdf,c4adc09b7919325f373b8900b736c95c56b1803569380c26113cbf1b66de1f3e,50,layout_aware+table_parse,2145,1926,115,2026-04-02T12:51:33.702468+00:00,a43477f1-044c-54c1-9c47-3b81d3c5186f,August: 1.2,2.0,49fb24ab-f940-55df-928b-cf92ab109220|991271f8-df10-554c-a504-1404a9b42b37,0.9,5.0,Month | General month-to-month inflation --- | --- June-EFY 2016 | 0.9 July | 1.5 August | 1.2 September | 2.4 October | 0.9 November | -0.8 December | 0.8 January | 0.6 February | 0.5 March | 2.7 April | 0.1 May | 0.2 June-EFY 2017 | 0.5
934eabc1-2562-59fe-97d1-f0760462924d,E:\10 Academy\Week 3\document-intelligence-refinery\data\Consumer Price Index June 2025.pdf,c4adc09b7919325f373b8900b736c95c56b1803569380c26113cbf1b66de1f3e,50,layout_aware+table_parse,2145,1926,115,2026-04-02T12:51:33.702468+00:00,ae618fda-84ab-5176-b86e-19eb566a0339,September: 2.4,2.0,3b41319c-9479-5797-8730-a631dcd31f11|991271f8-df10-554c-a504-1404a9b42b37,0.9,5.0,Month | General month-to-month inflation --- | --- June-EFY 2016 | 0.9 July | 1.5 August | 1.2 September | 2.4 October | 0.9 November | -0.8 December | 0.8 January | 0.6 February | 0.5 March | 2.7 April | 0.1 May | 0.2 June-EFY 2017 | 0.5
934eabc1-2562-59fe-97d1-f0760462924d,E:\10 Academy\Week 3\document-intelligence-refinery\data\Consumer Price Index June 2025.pdf,c4adc09b7919325f373b8900b736c95c56b1803569380c26113cbf1b66de1f3e,50,layout_aware+table_parse,2145,1926,115,2026-04-02T12:51:33.702468+00:00,c02a05d6-5c94-527d-b92f-266f8558fa5b,October: 0.9,2.0,eab7c309-c0a6-5963-af1a-b518ec8e353f|991271f8-df10-554c-a504-1404a9b42b37,0.9,5.0,Month | General month-to-month inflation --- | --- June-EFY 2016 | 0.9 July | 1.5 August | 1.2 September | 2.4 October | 0.9 November | -0.8 December | 0.8 January | 0.6 February | 0.5 March | 2.7 April | 0.1 May | 0.2 June-EFY 2017 | 0.5
934eabc1-2562-59fe-97d1-f0760462924d,E:\10 Academy\Week 3\document-intelligence-refinery\data\Consumer Price Index June 2025.pdf,c4adc09b7919325f373b8900b736c95c56b1803569380c26113cbf1b66de1f3e,50,layout_aware+table_parse,2145,1926,115,2026-04-02T12:51:33.702468+00:00,aa217ea7-6bd2-5093-9cc3-4bee02d9cb49,December: 0.8,2.0,1194a8a8-61c2-53fe-8b9a-b8aa6dbf566a|991271f8-df10-554c-a504-1404a9b42b37,0.9,5.0,Month | General month-to-month inflation --- | --- June-EFY 2016 | 0.9 July | 1.5 August | 1.2 September | 2.4 October | 0.9 November | -0.8 December | 0.8 January | 0.6 February | 0.5 March | 2.7 April | 0.1 May | 0.2 June-EFY 2017 | 0.5
934eabc1-2562-59fe-97d1-f0760462924d,E:\10 Academy\Week 3\document-intelligence-refinery\data\Consumer Price Index June 2025.pdf,c4adc09b7919325f373b8900b736c95c56b1803569380c26113cbf1b66de1f3e,50,layout_aware+table_parse,2145,1926,115,2026-04-02T12:51:33.702468+00:00,6b6a5dc0-0878-57be-bd4f-8e82ed3eb171,January: 0.6,2.0,9609385f-68fe-5021-80d4-d692ffa267cc|991271f8-df10-554c-a504-1404a9b42b37,0.9,5.0,Month | General month-to-month inflation --- | --- June-EFY 2016 | 0.9 July | 1.5 August | 1.2 September | 2.4 October | 0.9 November | -0.8 December | 0.8 January | 0.6 February | 0.5 March | 2.7 April | 0.1 May | 0.2 June-EFY 2017 | 0.5
934eabc1-2562-59fe-97d1-f0760462924d,E:\10 Academy\Week 3\document-intelligence-refinery\data\Consumer Price Index June 2025.pdf,c4adc09b7919325f373b8900b736c95c56b1803569380c26113cbf1b66de1f3e,50,layout_aware+table_parse,2145,1926,115,2026-04-02T12:51:33.702468+00:00,22552eff-3365-574e-ae44-d611a3696833,February: 0.5,2.0,32348848-9119-5cbb-9f80-c05b553f4a38|991271f8-df10-554c-a504-1404a9b42b37,0.9,5.0,Month | General month-to-month inflation --- | --- June-EFY 2016 | 0.9 July | 1.5 August | 1.2 September | 2.4 October | 0.9 November | -0.8 December | 0.8 January | 0.6 February | 0.5 March | 2.7 April | 0.1 May | 0.2 June-EFY 2017 | 0.5
934eabc1-2562-59fe-97d1-f0760462924d,E:\10 Academy\Week 3\document-intelligence-refinery\data\Consumer Price Index June 2025.pdf,c4adc09b7919325f373b8900b736c95c56b1803569380c26113cbf1b66de1f3e,50,layout_aware+table_parse,2145,1926,115,2026-04-02T12:51:33.702468+00:00,b1bc5168-c2ab-505f-9e89-fe631e1df1e4,March: 2.7,2.0,7891fc74-b82c-5187-b422-e96959b4c280|991271f8-df10-554c-a504-1404a9b42b37,0.9,5.0,Month | General month-to-month inflation --- | --- June-EFY 2016 | 0.9 July | 1.5 August | 1.2 September | 2.4 October | 0.9 November | -0.8 December | 0.8 January | 0.6 February | 0.5 March | 2.7 April | 0.1 May | 0.2 June-EFY 2017 | 0.5
934eabc1-2562-59fe-97d1-f0760462924d,E:\10 Academy\Week 3\document-intelligence-refinery\data\Consumer Price Index June 2025.pdf,c4adc09b7919325f373b8900b736c95c56b1803569380c26113cbf1b66de1f3e,50,layout_aware+table_parse,2145,1926,115,2026-04-02T12:51:33.702468+00:00,f9470bc9-a414-5d11-a50f-a19519c8ddba,April: 0.1,2.0,10124cd9-c370-5c37-8ca0-4da3296906d6|991271f8-df10-554c-a504-1404a9b42b37,0.9,5.0,Month | General month-to-month inflation --- | --- June-EFY 2016 | 0.9 July | 1.5 August | 1.2 September | 2.4 October | 0.9 November | -0.8 December | 0.8 January | 0.6 February | 0.5 March | 2.7 April | 0.1 May | 0.2 June-EFY 2017 | 0.5
934eabc1-2562-59fe-97d1-f0760462924d,E:\10 Academy\Week 3\document-intelligence-refinery\data\Consumer Price Index June 2025.pdf,c4adc09b7919325f373b8900b736c95c56b1803569380c26113cbf1b66de1f3e,50,layout_aware+table_parse,2145,1926,115,2026-04-02T12:51:33.702468+00:00,11ed7f0c-2e84-5589-b82e-b833c0d0b937,May: 0.2,2.0,3f5ee99c-29a5-561e-9fdc-17d2556db2e4|991271f8-df10-554c-a504-1404a9b42b37,0.9,5.0,Month | General month-to-month inflation --- | --- June-EFY 2016 | 0.9 July | 1.5 August | 1.2 September | 2.4 October | 0.9 November | -0.8 December | 0.8 January | 0.6 February | 0.5 March | 2.7 April | 0.1 May | 0.2 June-EFY 2017 | 0.5
340f73b5-653e-5efe-9f8a-2bac02862278,E:\10 Academy\Week 3\document-intelligence-refinery\data\Consumer Price Index March 2025.pdf,3c38829f163ba96b68bbc3e7201526f1eac38271d0706c7ff8e998de011808a3,33,layout_aware+table_parse,1279,1374,80,2026-04-02T12:52:04.550181+00:00,eba7abd0-4638-5919-ab01-4382667ec8ec,May: 0.5,2.0,ae260f23-c5f5-548a-9333-f7c888726e61|77da3491-a2c8-5e92-9fd4-f4fd2f81b595,0.9,5.0,Month | General month-to-month inflation --- | --- MarchEFY 2016 | 4.0 April | -0.7 May | 0.5 June | 0.9 July | 1.5 August | 1.2 September | 2.4 October | 0.9 November | -0.8 December | 0.8 January | 0.6 February | 0.5 March-EFY 2017 | 2.7
340f73b5-653e-5efe-9f8a-2bac02862278,E:\10 Academy\Week 3\document-intelligence-refinery\data\Consumer Price Index March 2025.pdf,3c38829f163ba96b68bbc3e7201526f1eac38271d0706c7ff8e998de011808a3,33,layout_aware+table_parse,1279,1374,80,2026-04-02T12:52:04.550181+00:00,cd75dded-e645-5ebf-97f1-a3b043dbcc16,June: 0.9,2.0,8c080578-93d3-547d-bc96-ee08f4822b47|77da3491-a2c8-5e92-9fd4-f4fd2f81b595,0.9,5.0,Month | General month-to-month inflation --- | --- MarchEFY 2016 | 4.0 April | -0.7 May | 0.5 June | 0.9 July | 1.5 August | 1.2 September | 2.4 October | 0.9 November | -0.8 December | 0.8 January | 0.6 February | 0.5 March-EFY 2017 | 2.7
340f73b5-653e-5efe-9f8a-2bac02862278,E:\10 Academy\Week 3\document-intelligence-refinery\data\Consumer Price Index March 2025.pdf,3c38829f163ba96b68bbc3e7201526f1eac38271d0706c7ff8e998de011808a3,33,layout_aware+table_parse,1279,1374,80,2026-04-02T12:52:04.550181+00:00,8b3c1dda-c436-5250-9da4-f4d28fd0618a,July: 1.5,2.0,c3bd4c14-12e1-5d4b-a2ee-cf9892d9ec34|77da3491-a2c8-5e92-9fd4-f4fd2f81b595,0.9,5.0,Month | General month-to-month inflation --- | --- MarchEFY 2016 | 4.0 April | -0.7 May | 0.5 June | 0.9 July | 1.5 August | 1.2 September | 2.4 October | 0.9 November | -0.8 December | 0.8 January | 0.6 February | 0.5 March-EFY 2017 | 2.7
340f73b5-653e-5efe-9f8a-2bac02862278,E:\10 Academy\Week 3\document-intelligence-refinery\data\Consumer Price Index March 2025.pdf,3c38829f163ba96b68bbc3e7201526f1eac38271d0706c7ff8e998de011808a3,33,layout_aware+table_parse,1279,1374,80,2026-04-02T12:52:04.550181+00:00,4c179bfb-514d-5662-8755-b5284f218f12,August: 1.2,2.0,b3b5b053-5e66-59a2-9131-48f133c30d9f|77da3491-a2c8-5e92-9fd4-f4fd2f81b595,0.9,5.0,Month | General month-to-month inflation --- | --- MarchEFY 2016 | 4.0 April | -0.7 May | 0.5 June | 0.9 July | 1.5 August | 1.2 September | 2.4 October | 0.9 November | -0.8 December | 0.8 January | 0.6 February | 0.5 March-EFY 2017 | 2.7
340f73b5-653e-5efe-9f8a-2bac02862278,E:\10 Academy\Week 3\document-intelligence-refinery\data\Consumer Price Index March 2025.pdf,3c38829f163ba96b68bbc3e7201526f1eac38271d0706c7ff8e998de011808a3,33,layout_aware+table_parse,1279,1374,80,2026-04-02T12:52:04.550181+00:00,d30ac46c-a012-5e25-97fe-3a4630ea383c,September: 2.4,2.0,21d27357-2595-5cf3-9d22-84003217f81d|77da3491-a2c8-5e92-9fd4-f4fd2f81b595,0.9,5.0,Month | General month-to-month inflation --- | --- MarchEFY 2016 | 4.0 April | -0.7 May | 0.5 June | 0.9 July | 1.5 August | 1.2 September | 2.4 October | 0.9 November | -0.8 December | 0.8 January | 0.6 February | 0.5 March-EFY 2017 | 2.7
340f73b5-653e-5efe-9f8a-2bac02862278,E:\10 Academy\Week 3\document-intelligence-refinery\data\Consumer Price Index March 2025.pdf,3c38829f163ba96b68bbc3e7201526f1eac38271d0706c7ff8e998de011808a3,33,layout_aware+table_parse,1279,1374,80,2026-04-02T12:52:04.550181+00:00,5503bf2d-2d14-5f7e-add8-6bd5742f8710,October: 0.9,2.0,b3cb1ac2-25ed-55ea-8bdc-b333bb621df1|77da3491-a2c8-5e92-9fd4-f4fd2f81b595,0.9,5.0,Month | General month-to-month inflation --- | --- MarchEFY 2016 | 4.0 April | -0.7 May | 0.5 June | 0.9 July | 1.5 August | 1.2 September | 2.4 October | 0.9 November | -0.8 December | 0.8 January | 0.6 February | 0.5 March-EFY 2017 | 2.7
340f73b5-653e-5efe-9f8a-2bac02862278,E:\10 Academy\Week 3\document-intelligence-refinery\data\Consumer Price Index March 2025.pdf,3c38829f163ba96b68bbc3e7201526f1eac38271d0706c7ff8e998de011808a3,33,layout_aware+table_parse,1279,1374,80,2026-04-02T12:52:04.550181+00:00,7f98608f-5931-5f84-b349-55978c05e8f2,December: 0.8,2.0,2b79e541-239a-5492-ae75-4f94a32884a7|77da3491-a2c8-5e92-9fd4-f4fd2f81b595,0.9,5.0,Month | General month-to-month inflation --- | --- MarchEFY 2016 | 4.0 April | -0.7 May | 0.5 June | 0.9 July | 1.5 August | 1.2 September | 2.4 October | 0.9 November | -0.8 December | 0.8 January | 0.6 February | 0.5 March-EFY 2017 | 2.7
340f73b5-653e-5efe-9f8a-2bac02862278,E:\10 Academy\Week 3\document-intelligence-refinery\data\Consumer Price Index March 2025.pdf,3c38829f163ba96b68bbc3e7201526f1eac38271d0706c7ff8e998de011808a3,33,layout_aware+table_parse,1279,1374,80,2026-04-02T12:52:04.550181+00:00,37787812-9a8f-5573-a213-35c613820677,January: 0.6,2.0,82db83e5-9329-52d3-9a32-3466b1df8a31|77da3491-a2c8-5e92-9fd4-f4fd2f81b595,0.9,5.0,Month | General month-to-month inflation --- | --- MarchEFY 2016 | 4.0 April | -0.7 May | 0.5 June | 0.9 July | 1.5 August | 1.2 September | 2.4 October | 0.9 November | -0.8 December | 0.8 January | 0.6 February | 0.5 March-EFY 2017 | 2.7
340f73b5-653e-5efe-9f8a-2bac02862278,E:\10 Academy\Week 3\document-intelligence-refinery\data\Consumer Price Index March 2025.pdf,3c38829f163ba96b68bbc3e7201526f1eac38271d0706c7ff8e998de011808a3,33,layout_aware+table_parse,1279,1374,80,2026-04-02T12:52:04.550181+00:00,a021a432-85be-579d-b394-d119d456bbf2,February: 0.5,2.0,1f155ac6-ae0b-5a53-92b4-851c90a2163c|77da3491-a2c8-5e92-9fd4-f4fd2f81b595,0.9,5.0,Month | General month-to-month inflation --- | --- MarchEFY 2016 | 4.0 April | -0.7 May | 0.5 June | 0.9 July | 1.5 August | 1.2 September | 2.4 October | 0.9 November | -0.8 December | 0.8 January | 0.6 February | 0.5 March-EFY 2017 | 2.7
ca15f009-1e07-50c1-acd7-8fafdccf3564,E:\10 Academy\Week 3\document-intelligence-refinery\data\Consumer Price Index May 2025.pdf,bb6259bdadc04a52c4df62968b15a665ac10ee5cbab5ecf34ac141a6501dce1c,50,layout_aware+table_parse,2070,1924,115,2026-04-02T12:52:29.314550+00:00,833ccbb9-268f-5a14-ae24-c64ae7a8ba46,June: 0.9,2.0,7442b554-9b78-557a-aee3-b44599706e6b|3c3609ef-a885-5e4a-9eb5-4cc9e9008ce0,0.9,5.0,Month | General month-to-month inflation --- | --- MayEFY 2016 | 0.5 June | 0.9 July | 1.5 August | 1.2 September | 2.4 October | 0.9 November | -0.8 December | 0.8 January | 0.6 February | 0.5 March | 2.7 April | 0.1 May-EFY 2017 | 0.2
ca15f009-1e07-50c1-acd7-8fafdccf3564,E:\10 Academy\Week 3\document-intelligence-refinery\data\Consumer Price Index May 2025.pdf,bb6259bdadc04a52c4df62968b15a665ac10ee5cbab5ecf34ac141a6501dce1c,50,layout_aware+table_parse,2070,1924,115,2026-04-02T12:52:29.314550+00:00,f28e4b77-e23d-55b0-b795-af7c9289a203,July: 1.5,2.0,6b470583-00ac-5ed4-9890-374cff724617|3c3609ef-a885-5e4a-9eb5-4cc9e9008ce0,0.9,5.0,Month | General month-to-month inflation --- | --- MayEFY 2016 | 0.5 June | 0.9 July | 1.5 August | 1.2 September | 2.4 October | 0.9 November | -0.8 December | 0.8 January | 0.6 February | 0.5 March | 2.7 April | 0.1 May-EFY 2017 | 0.2
ca15f009-1e07-50c1-acd7-8fafdccf3564,E:\10 Academy\Week 3\document-intelligence-refinery\data\Consumer Price Index May 2025.pdf,bb6259bdadc04a52c4df62968b15a665ac10ee5cbab5ecf34ac141a6501dce1c,50,layout_aware+table_parse,2070,1924,115,2026-04-02T12:52:29.314550+00:00,09018a56-79cd-5684-bb2b-c583acc2b764,August: 1.2,2.0,ecfb09ea-1e82-5366-a8a2-4a8f040dea76|3c3609ef-a885-5e4a-9eb5-4cc9e9008ce0,0.9,5.0,Month | General month-to-month inflation --- | --- MayEFY 2016 | 0.5 June | 0.9 July | 1.5 August | 1.2 September | 2.4 October | 0.9 November | -0.8 December | 0.8 January | 0.6 February | 0.5 March | 2.7 April | 0.1 May-EFY 2017 | 0.2
ca15f009-1e07-50c1-acd7-8fafdccf3564,E:\10 Academy\Week 3\document-intelligence-refinery\data\Consumer Price Index May 2025.pdf,bb6259bdadc04a52c4df62968b15a665ac10ee5cbab5ecf34ac141a6501dce1c,50,layout_aware+table_parse,2070,1924,115,2026-04-02T12:52:29.314550+00:00,195d3b80-c70a-579f-b2dd-b2f8fb944ead,September: 2.4,2.0,ea923dee-264b-568e-aa56-a2b9ef244136|3c3609ef-a885-5e4a-9eb5-4cc9e9008ce0,0.9,5.0,Month | General month-to-month inflation --- | --- MayEFY 2016 | 0.5 June | 0.9 July | 1.5 August | 1.2 September | 2.4 October | 0.9 November | -0.8 December | 0.8 January | 0.6 February | 0.5 March | 2.7 April | 0.1 May-EFY 2017 | 0.2
ca15f009-1e07-50c1-acd7-8fafdccf3564,E:\10 Academy\Week 3\document-intelligence-refinery\data\Consumer Price Index May 2025.pdf,bb6259bdadc04a52c4df62968b15a665ac10ee5cbab5ecf34ac141a6501dce1c,50,layout_aware+table_parse,2070,1924,115,2026-04-02T12:52:29.314550+00:00,0ca764db-1cba-5eab-acb6-88358978cbe4,October: 0.9,2.0,711fd8a2-fcfe-5e6b-ad61-d51167a8f4cc|3c3609ef-a885-5e4a-9eb5-4cc9e9008ce0,0.9,5.0,Month | General month-to-month inflation --- | --- MayEFY 2016 | 0.5 June | 0.9 July | 1.5 August | 1.2 September | 2.4 October | 0.9 November | -0.8 December | 0.8 January | 0.6 February | 0.5 March | 2.7 April | 0.1 May-EFY 2017 | 0.2
ca15f009-1e07-50c1-acd7-8fafdccf3564,E:\10 Academy\Week 3\document-intelligence-refinery\data\Consumer Price Index May 2025.pdf,bb6259bdadc04a52c4df62968b15a665ac10ee5cbab5ecf34ac141a6501dce1c,50,layout_aware+table_parse,2070,1924,115,2026-04-02T12:52:29.314550+00:00,c63cfb55-45ea-539e-a1b0-adb8ecb0ae08,December: 0.8,2.0,b58f5936-2304-53a1-8b7e-571301b815b2|3c3609ef-a885-5e4a-9eb5-4cc9e9008ce0,0.9,5.0,Month | General month-to-month inflation --- | --- MayEFY 2016 | 0.5 June | 0.9 July | 1.5 August | 1.2 September | 2.4 October | 0.9 November | -0.8 December | 0.8 January | 0.6 February | 0.5 March | 2.7 April | 0.1 May-EFY 2017 | 0.2
ca15f009-1e07-50c1-acd7-8fafdccf3564,E:\10 Academy\Week 3\document-intelligence-refinery\data\Consumer Price Index May 2025.pdf,bb6259bdadc04a52c4df62968b15a665ac10ee5cbab5ecf34ac141a6501dce1c,50,layout_aware+table_parse,2070,1924,115,2026-04-02T12:52:29.314550+00:00,2e1a9e12-a60f-5e10-a433-eba4aa26b026,January: 0.6,2.0,cd971e5c-ed27-58a3-ae54-a561a6b43532|3c3609ef-a885-5e4a-9eb5-4cc9e9008ce0,0.9,5.0,Month | General month-to-month inflation --- | --- MayEFY 2016 | 0.5 June | 0.9 July | 1.5 August | 1.2 September | 2.4 October | 0.9 November | -0.8 December | 0.8 January | 0.6 February | 0.5 March | 2.7 April | 0.1 May-EFY 2017 | 0.2
ca15f009-1e07-50c1-acd7-8fafdccf3564,E:\10 Academy\Week 3\document-intelligence-refinery\data\Consumer Price Index May 2025.pdf,bb6259bdadc04a52c4df62968b15a665ac10ee5cbab5ecf34ac141a6501dce1c,50,layout_aware+table_parse,2070,1924,115,2026-04-02T12:52:29.314550+00:00,692a4998-30a0-5aff-8d3d-32eb93e98006,February: 0.5,2.0,a919c0ea-f088-5f95-adb8-6c5e1315fc2d|3c3609ef-a885-5e4a-9eb5-4cc9e9008ce0,0.9,5.0,Month | General month-to-month inflation --- | --- MayEFY 2016 | 0.5 June | 0.9 July | 1.5 August | 1.2 September | 2.4 October | 0.9 November | -0.8 December | 0.8 January | 0.6 February | 0.5 March | 2.7 April | 0.1 May-EFY 2017 | 0.2
ca15f009-1e07-50c1-acd7-8fafdccf3564,E:\10 Academy\Week 3\document-intelligence-refinery\data\Consumer Price Index May 2025.pdf,bb6259bdadc04a52c4df62968b15a665ac10ee5cbab5ecf34ac141a6501dce1c,50,layout_aware+table_parse,2070,1924,115,2026-04-02T12:52:29.314550+00:00,0e5d7639-f6cd-588c-a130-9f1501a3bd10,March: 2.7,2.0,6104cbd3-36f5-5109-b298-af49fa9896f4|3c3609ef-a885-5e4a-9eb5-4cc9e9008ce0,0.9,5.0,Month | General month-to-month inflation --- | --- MayEFY 2016 | 0.5 June | 0.9 July | 1.5 August | 1.2 September | 2.4 October | 0.9 November | -0.8 December | 0.8 January | 0.6 February | 0.5 March | 2.7 April | 0.1 May-EFY 2017 | 0.2
ca15f009-1e07-50c1-acd7-8fafdccf3564,E:\10 Academy\Week 3\document-intelligence-refinery\data\Consumer Price Index May 2025.pdf,bb6259bdadc04a52c4df62968b15a665ac10ee5cbab5ecf34ac141a6501dce1c,50,layout_aware+table_parse,2070,1924,115,2026-04-02T12:52:29.314550+00:00,e5b878cd-11fe-532c-ad77-69abf4082412,April: 0.1,2.0,37a6b7bf-9cc6-52f4-8753-cf04cc5fbb51|3c3609ef-a885-5e4a-9eb5-4cc9e9008ce0,0.9,5.0,Month | General month-to-month inflation --- | --- MayEFY 2016 | 0.5 June | 0.9 July | 1.5 August | 1.2 September | 2.4 October | 0.9 November | -0.8 December | 0.8 January | 0.6 February | 0.5 March | 2.7 April | 0.1 May-EFY 2017 | 0.2
a5d658e2-6a01-50b0-a0e2-cb5460e47342,E:\10 Academy\Week 3\document-intelligence-refinery\data\Consumer Price Index September 2025.pdf,12ba791aaa75e201608740553e2076b3c66b61b25ade18f2bc3c049f4851d40c,50,layout_aware+table_parse,781,1971,112,2026-04-02T12:52:56.505367+00:00,e6cc0700-b1eb-5ec6-a8d4-d1774452fc2e,October: 0.9,2.0,e8720292-8261-596f-9340-9cded470ca39|16f76b8a-23f9-5b5b-b96a-e4ed4b3207b0,0.9,5.0,Month | General month-to-month inflation --- | --- September-EFY 2017 | 2.4 October | 0.9 November | -0.8 December | 0.8 January | 0.6 February | 0.5 March | 2.7 April | 0.1 May | 0.2 June | 0.5 July | 1.3 August | 1.1 September-EFY 2018...
a5d658e2-6a01-50b0-a0e2-cb5460e47342,E:\10 Academy\Week 3\document-intelligence-refinery\data\Consumer Price Index September 2025.pdf,12ba791aaa75e201608740553e2076b3c66b61b25ade18f2bc3c049f4851d40c,50,layout_aware+table_parse,781,1971,112,2026-04-02T12:52:56.505367+00:00,9b36a9ff-e594-5688-957d-42aa7510c582,December: 0.8,2.0,73dc8f42-82f2-51b4-8d54-44950c066760|16f76b8a-23f9-5b5b-b96a-e4ed4b3207b0,0.9,5.0,Month | General month-to-month inflation --- | --- September-EFY 2017 | 2.4 October | 0.9 November | -0.8 December | 0.8 January | 0.6 February | 0.5 March | 2.7 April | 0.1 May | 0.2 June | 0.5 July | 1.3 August | 1.1 September-EFY 2018...
a5d658e2-6a01-50b0-a0e2-cb5460e47342,E:\10 Academy\Week 3\document-intelligence-refinery\data\Consumer Price Index September 2025.pdf,12ba791aaa75e201608740553e2076b3c66b61b25ade18f2bc3c049f4851d40c,50,layout_aware+table_parse,781,1971,112,2026-04-02T12:52:56.505367+00:00,a0e80ce0-ecef-5a75-91ad-73fa4e6cacd5,January: 0.6,2.0,e63c5ee4-0f42-56aa-9b94-2062fec4fd4b|16f76b8a-23f9-5b5b-b96a-e4ed4b3207b0,0.9,5.0,Month | General month-to-month inflation --- | --- September-EFY 2017 | 2.4 October | 0.9 November | -0.8 December | 0.8 January | 0.6 February | 0.5 March | 2.7 April | 0.1 May | 0.2 June | 0.5 July | 1.3 August | 1.1 September-EFY 2018...
a5d658e2-6a01-50b0-a0e2-cb5460e47342,E:\10 Academy\Week 3\document-intelligence-refinery\data\Consumer Price Index September 2025.pdf,12ba791aaa75e201608740553e2076b3c66b61b25ade18f2bc3c049f4851d40c,50,layout_aware+table_parse,781,1971,112,2026-04-02T12:52:56.505367+00:00,cc55f55b-0653-565f-9d69-03cef3afbd56,February: 0.5,2.0,9bb969ef-152e-5237-8c55-018807e5c057|16f76b8a-23f9-5b5b-b96a-e4ed4b3207b0,0.9,5.0,Month | General month-to-month inflation --- | --- September-EFY 2017 | 2.4 October | 0.9 November | -0.8 December | 0.8 January | 0.6 February | 0.5 March | 2.7 April | 0.1 May | 0.2 June | 0.5 July | 1.3 August | 1.1 September-EFY 2018...
a5d658e2-6a01-50b0-a0e2-cb5460e47342,E:\10 Academy\Week 3\document-intelligence-refinery\data\Consumer Price Index September 2025.pdf,12ba791aaa75e201608740553e2076b3c66b61b25ade18f2bc3c049f4851d40c,50,layout_aware+table_parse,781,1971,112,2026-04-02T12:52:56.505367+00:00,5db4be0d-67e6-5606-a806-47c2d2e55e05,March: 2.7,2.0,067b0346-229c-5673-bfe7-12108ae538cf|16f76b8a-23f9-5b5b-b96a-e4ed4b3207b0,0.9,5.0,Month | General month-to-month inflation --- | --- September-EFY 2017 | 2.4 October | 0.9 November | -0.8 December | 0.8 January | 0.6 February | 0.5 March | 2.7 April | 0.1 May | 0.2 June | 0.5 July | 1.3 August | 1.1 September-EFY 2018...
a5d658e2-6a01-50b0-a0e2-cb5460e47342,E:\10 Academy\Week 3\document-intelligence-refinery\data\Consumer Price Index September 2025.pdf,12ba791aaa75e201608740553e2076b3c66b61b25ade18f2bc3c049f4851d40c,50,layout_aware+table_parse,781,1971,112,2026-04-02T12:52:56.505367+00:00,313cccb8-295a-51f8-a0a0-0838dfb9f839,April: 0.1,2.0,a033fd9b-3b79-5655-8911-d5a0c7796e3a|16f76b8a-23f9-5b5b-b96a-e4ed4b3207b0,0.9,5.0,Month | General month-to-month inflation --- | --- September-EFY 2017 | 2.4 October | 0.9 November | -0.8 December | 0.8 January | 0.6 February | 0.5 March | 2.7 April | 0.1 May | 0.2 June | 0.5 July | 1.3 August | 1.1 September-EFY 2018...
a5d658e2-6a01-50b0-a0e2-cb5460e47342,E:\10 Academy\Week 3\document-intelligence-refinery\data\Consumer Price Index September 2025.pdf,12ba791aaa75e201608740553e2076b3c66b61b25ade18f2bc3c049f4851d40c,50,layout_aware+table_parse,781,1971,112,2026-04-02T12:52:56.505367+00:00,6b1a14f9-91ec-5ad4-b394-34943a6c4a83,May: 0.2,2.0,caebf475-9e01-5187-b450-863a037cabcb|16f76b8a-23f9-5b5b-b96a-e4ed4b3207b0,0.9,5.0,Month | General month-to-month inflation --- | --- September-EFY 2017 | 2.4 October | 0.9 November | -0.8 December | 0.8 January | 0.6 February | 0.5 March | 2.7 April | 0.1 May | 0.2 June | 0.5 July | 1.3 August | 1.1 September-EFY 2018...
a5d658e2-6a01-50b0-a0e2-cb5460e47342,E:\10 Academy\Week 3\document-intelligence-refinery\data\Consumer Price Index September 2025.pdf,12ba791aaa75e201608740553e2076b3c66b61b25ade18f2bc3c049f4851d40c,50,layout_aware+table_parse,781,1971,112,2026-04-02T12:52:56.505367+00:00,e9833da9-06f7-551c-99b0-e928ba83a9af,June: 0.5,2.0,c4e8dc55-0967-5b7e-9902-17853d947131|16f76b8a-23f9-5b5b-b96a-e4ed4b3207b0,0.9,5.0,Month | General month-to-month inflation --- | --- September-EFY 2017 | 2.4 October | 0.9 November | -0.8 December | 0.8 January | 0.6 February | 0.5 March | 2.7 April | 0.1 May | 0.2 June | 0.5 July | 1.3 August | 1.1 September-EFY 2018...
a5d658e2-6a01-50b0-a0e2-cb5460e47342,E:\10 Academy\Week 3\document-intelligence-refinery\data\Consumer Price Index September 2025.pdf,12ba791aaa75e201608740553e2076b3c66b61b25ade18f2bc3c049f4851d40c,50,layout_aware+table_parse,781,1971,112,2026-04-02T12:52:56.505367+00:00,bd2affff-b173-5346-8905-4b816362d7f9,July: 1.3,2.0,ca389b8f-25f5-5a44-8e91-0b275cdf7603|16f76b8a-23f9-5b5b-b96a-e4ed4b3207b0,0.9,5.0,Month | General month-to-month inflation --- | --- September-EFY 2017 | 2.4 October | 0.9 November | -0.8 December | 0.8 January | 0.6 February | 0.5 March | 2.7 April | 0.1 May | 0.2 June | 0.5 July | 1.3 August | 1.1 September-EFY 2018...
a5d658e2-6a01-50b0-a0e2-cb5460e47342,E:\10 Academy\Week 3\document-intelligence-refinery\data\Consumer Price Index September 2025.pdf,12ba791aaa75e201608740553e2076b3c66b61b25ade18f2bc3c049f4851d40c,50,layout_aware+table_parse,781,1971,112,2026-04-02T12:52:56.505367+00:00,a8803121-7bc5-55e2-bb7b-7df6d2cc10ae,August: 1.1,2.0,dce6526b-9bb6-567a-a427-1f73c3f7022a|16f76b8a-23f9-5b5b-b96a-e4ed4b3207b0,0.9,5.0,Month | General month-to-month inflation --- | --- September-EFY 2017 | 2.4 October | 0.9 November | -0.8 December | 0.8 January | 0.6 February | 0.5 March | 2.7 April | 0.1 May | 0.2 June | 0.5 July | 1.3 August | 1.1 September-EFY 2018...
0fe66232-7bb1-567a-928a-d7474ba588d9,"E:\10 Academy\Week 3\document-intelligence-refinery\data\Consumer Price Index, April 2025.pdf",7ba9ecbc8cf9e09983f09c89372b4fc0772dbbb9dff3aecb3f6c97a3a663e09c,34,layout_aware+table_parse,2249,1370,83,2026-04-02T12:53:29.447376+00:00,ebda468b-9564-541d-b324-0b6639102da9,May: 0.5,2.0,53896e60-ece1-562b-aef6-f03b3cfeb085|60ba440f-1f56-5cb8-96ce-28481c1cea37,0.9,5.0,Month | General month-to-month inflation --- | --- AprilEFY 2016 | -0.7 May | 0.5 June | 0.9 July | 1.5 August | 1.2 September | 2.4 October | 0.9 November | -0.8 December | 0.8 January | 0.6 February | 0.5 March | 2.7 April-EFY 2017 | 0.1
0fe66232-7bb1-567a-928a-d7474ba588d9,"E:\10 Academy\Week 3\document-intelligence-refinery\data\Consumer Price Index, April 2025.pdf",7ba9ecbc8cf9e09983f09c89372b4fc0772dbbb9dff3aecb3f6c97a3a663e09c,34,layout_aware+table_parse,2249,1370,83,2026-04-02T12:53:29.447376+00:00,7ee8665b-2ef5-55e1-a1e8-3ba1a14b15fa,June: 0.9,2.0,d2e0f60d-adef-5b01-8546-10e1e8b4620d|60ba440f-1f56-5cb8-96ce-28481c1cea37,0.9,5.0,Month | General month-to-month inflation --- | --- AprilEFY 2016 | -0.7 May | 0.5 June | 0.9 July | 1.5 August | 1.2 September | 2.4 October | 0.9 November | -0.8 December | 0.8 January | 0.6 February | 0.5 March | 2.7 April-EFY 2017 | 0.1
0fe66232-7bb1-567a-928a-d7474ba588d9,"E:\10 Academy\Week 3\document-intelligence-refinery\data\Consumer Price Index, April 2025.pdf",7ba9ecbc8cf9e09983f09c89372b4fc0772dbbb9dff3aecb3f6c97a3a663e09c,34,layout_aware+table_parse,2249,1370,83,2026-04-02T12:53:29.447376+00:00,070cf8ff-ced8-5cca-ae32-10196bfb10ef,July: 1.5,2.0,00b89541-d8e1-56dc-ab9a-7519a2e46dd3|60ba440f-1f56-5cb8-96ce-28481c1cea37,0.9,5.0,Month | General month-to-month inflation --- | --- AprilEFY 2016 | -0.7 May | 0.5 June | 0.9 July | 1.5 August | 1.2 September | 2.4 October | 0.9 November | -0.8 December | 0.8 January | 0.6 February | 0.5 March | 2.7 April-EFY 2017 | 0.1
0fe66232-7bb1-567a-928a-d7474ba588d9,"E:\10 Academy\Week 3\document-intelligence-refinery\data\Consumer Price Index, April 2025.pdf",7ba9ecbc8cf9e09983f09c89372b4fc0772dbbb9dff3aecb3f6c97a3a663e09c,34,layout_aware+table_parse,2249,1370,83,2026-04-02T12:53:29.447376+00:00,c9aa1e28-b907-5c1c-9f67-3ecb95ac67f8,August: 1.2,2.0,4af4cf9e-ce49-5999-aff7-28af40e2f5dd|60ba440f-1f56-5cb8-96ce-28481c1cea37,0.9,5.0,Month | General month-to-month inflation --- | --- AprilEFY 2016 | -0.7 May | 0.5 June | 0.9 July | 1.5 August | 1.2 September | 2.4 October | 0.9 November | -0.8 December | 0.8 January | 0.6 February | 0.5 March | 2.7 April-EFY 2017 | 0.1
0fe66232-7bb1-567a-928a-d7474ba588d9,"E:\10 Academy\Week 3\document-intelligence-refinery\data\Consumer Price Index, April 2025.pdf",7ba9ecbc8cf9e09983f09c89372b4fc0772dbbb9dff3aecb3f6c97a3a663e09c,34,layout_aware+table_parse,2249,1370,83,2026-04-02T12:53:29.447376+00:00,696bba99-2d7f-54a9-853d-4331977d6909,September: 2.4,2.0,c1923490-97b3-5eca-98f4-943374e49aaf|60ba440f-1f56-5cb8-96ce-28481c1cea37,0.9,5.0,Month | General month-to-month inflation --- | --- AprilEFY 2016 | -0.7 May | 0.5 June | 0.9 July | 1.5 August | 1.2 September | 2.4 October | 0.9 November | -0.8 December | 0.8 January | 0.6 February | 0.5 March | 2.7 April-EFY 2017 | 0.1
0fe66232-7bb1-567a-928a-d7474ba588d9,"E:\10 Academy\Week 3\document-intelligence-refinery\data\Consumer Price Index, April 2025.pdf",7ba9ecbc8cf9e09983f09c89372b4fc0772dbbb9dff3aecb3f6c97a3a663e09c,34,layout_aware+table_parse,2249,1370,83,2026-04-02T12:53:29.447376+00:00,0f3f7f4d-4495-5158-9e48-20b400600865,October: 0.9,2.0,b267c3a9-c4e5-5b53-acbf-296042b993a2|60ba440f-1f56-5cb8-96ce-28481c1cea37,0.9,5.0,Month | General month-to-month inflation --- | --- AprilEFY 2016 | -0.7 May | 0.5 June | 0.9 July | 1.5 August | 1.2 September | 2.4 October | 0.9 November | -0.8 December | 0.8 January | 0.6 February | 0.5 March | 2.7 April-EFY 2017 | 0.1
0fe66232-7bb1-567a-928a-d7474ba588d9,"E:\10 Academy\Week 3\document-intelligence-refinery\data\Consumer Price Index, April 2025.pdf",7ba9ecbc8cf9e09983f09c89372b4fc0772dbbb9dff3aecb3f6c97a3a663e09c,34,layout_aware+table_parse,2249,1370,83,2026-04-02T12:53:29.447376+00:00,90d1f559-15e9-5830-9437-5858b40f83d7,December: 0.8,2.0,16c8e7d4-2531-50d3-aef7-7a788c6f98a9|60ba440f-1f56-5cb8-96ce-28481c1cea37,0.9,5.0,Month | General month-to-month inflation --- | --- AprilEFY 2016 | -0.7 May | 0.5 June | 0.9 July | 1.5 August | 1.2 September | 2.4 October | 0.9 November | -0.8 December | 0.8 January | 0.6 February | 0.5 March | 2.7 April-EFY 2017 | 0.1
0fe66232-7bb1-567a-928a-d7474ba588d9,"E:\10 Academy\Week 3\document-intelligence-refinery\data\Consumer Price Index, April 2025.pdf",7ba9ecbc8cf9e09983f09c89372b4fc0772dbbb9dff3aecb3f6c97a3a663e09c,34,layout_aware+table_parse,2249,1370,83,2026-04-02T12:53:29.447376+00:00,a0a03456-cad7-58cf-876d-23acc3f2e465,January: 0.6,2.0,15971080-f7b8-5242-ae80-8c3e9c120557|60ba440f-1f56-5cb8-96ce-28481c1cea37,0.9,5.0,Month | General month-to-month inflation --- | --- AprilEFY 2016 | -0.7 May | 0.5 June | 0.9 July | 1.5 August | 1.2 September | 2.4 October | 0.9 November | -0.8 December | 0.8 January | 0.6 February | 0.5 March | 2.7 April-EFY 2017 | 0.1
0fe66232-7bb1-567a-928a-d7474ba588d9,"E:\10 Academy\Week 3\document-intelligence-refinery\data\Consumer Price Index, April 2025.pdf",7ba9ecbc8cf9e09983f09c89372b4fc0772dbbb9dff3aecb3f6c97a3a663e09c,34,layout_aware+table_parse,2249,1370,83,2026-04-02T12:53:29.447376+00:00,b94de438-2c34-5c21-bd1c-476f489efe91,February: 0.5,2.0,ec760e2c-2369-5c72-b9d0-10d346b2622c|60ba440f-1f56-5cb8-96ce-28481c1cea37,0.9,5.0,Month | General month-to-month inflation --- | --- AprilEFY 2016 | -0.7 May | 0.5 June | 0.9 July | 1.5 August | 1.2 September | 2.4 October | 0.9 November | -0.8 December | 0.8 January | 0.6 February | 0.5 March | 2.7 April-EFY 2017 | 0.1
0fe66232-7bb1-567a-928a-d7474ba588d9,"E:\10 Academy\Week 3\document-intelligence-refinery\data\Consumer Price Index, April 2025.pdf",7ba9ecbc8cf9e09983f09c89372b4fc0772dbbb9dff3aecb3f6c97a3a663e09c,34,layout_aware+table_parse,2249,1370,83,2026-04-02T12:53:29.447376+00:00,27f8f60f-9d05-5cd3-bcb8-e39272708dff,March: 2.7,2.0,bd5372ef-b7c3-5194-866b-8b0119b7aee6|60ba440f-1f56-5cb8-96ce-28481c1cea37,0.9,5.0,Month | General month-to-month inflation --- | --- AprilEFY 2016 | -0.7 May | 0.5 June | 0.9 July | 1.5 August | 1.2 September | 2.4 October | 0.9 November | -0.8 December | 0.8 January | 0.6 February | 0.5 March | 2.7 April-EFY 2017 | 0.1
a456d6c3-57b6-5c78-84b7-6bbabd5be917,E:\10 Academy\Week 3\document-intelligence-refinery\data\ETHIO_RE_AT_A_GLANCE_2023_24.pdf,8a1f1d488b0d44a4c014cb47586dc4add2f2ea90f9303d3d626b83e52c16327b,0,ocr_heavy,7,0,0,2026-04-02T12:53:39.369889+00:00,,,,,,,
178b25d7-c772-5379-ad3c-d244fb328cfb,E:\10 Academy\Week 3\document-intelligence-refinery\data\EthSwitch-10th-Annual-Report-202324.pdf,2c3119f091e04b3588e38ffa8ba052dd27a763b83f39eeaf7d55ebae6b0f6ce4,7,ocr_heavy,164,45,13,2026-04-02T12:55:55.175255+00:00,,,,,,,
2f635df9-43b7-5dfd-90e5-be866d8f7cef,E:\10 Academy\Week 3\document-intelligence-refinery\data\EthSwitch-Annual-Report-2019.pdf,d718b1abb5c93968aaa27294d4c156c8d97933261f6100cb78aebc5a6c814221,0,ocr_heavy,12,0,0,2026-04-02T12:56:05.125609+00:00,,,,,,,
c6a3e383-1a78-5ae5-9aa6-c0f557fe3b37,E:\10 Academy\Week 3\document-intelligence-refinery\data\Ethswitch-Annual-report-2020.2021_.pdf,82c7c900845768b2c0daa6f09b69e24cfc248d8905c640132b1a8902f16845ee,0,ocr_heavy,9,0,0,2026-04-02T12:56:05.961218+00:00,,,,,,,
223d59d3-b026-5275-87dc-704a83b84182,E:\10 Academy\Week 3\document-intelligence-refinery\data\ETHSWITCH-Annual-Report-202122.pdf,85414c5c7fd3607d6a4f43c51b48a228bef5a94a5e5ae7eff40a5784e207f104,20,ocr_heavy,16,767,31,2026-04-02T12:56:16.315212+00:00,,,,,,,
f4d1e7be-a8e7-5756-a98a-1e5d2de3e926,E:\10 Academy\Week 3\document-intelligence-refinery\data\ETS-Annual-Report-2023_2024.pdf,1dd73353d1c2166c2419023b209a9abd90fcd03233283c1d2a2fd3311de6cf20,31,ocr_heavy,74,811,50,2026-04-02T12:56:45.557360+00:00,,,,,,,
9f02e592-08f0-5d1c-beb3-84681bc4a6ab,E:\10 Academy\Week 3\document-intelligence-refinery\data\ETS_Annual_Report_2024_2025.pdf,305dd23363bce7af508e746ed3f83cca8a9c6ea9838cef21baf19934ef924a62,38,layout_aware,1335,862,71,2026-04-02T12:58:33.129129+00:00,,,,,,,
342c4fce-91b7-59a5-a426-27bf537c4add,E:\10 Academy\Week 3\document-intelligence-refinery\data\fta_performance_survey_final_report_2022.pdf,4dcf8792cc25a98826f4c9d28da108716744c49e444273983e06a6d72bb90154,16,layout_aware,682,3065,33,2026-04-02T12:59:04.035657+00:00,,,,,,,
f77624c7-d884-52ff-8ae1-efaa1969e141,E:\10 Academy\Week 3\document-intelligence-refinery\data\Security_Vulnerability_Disclosure_Standard_Procedure_1.pdf,b181209be1ead5f4539c8551e326f23b83c204c7c91d9617549887f6fce3a502,0,ocr_heavy,13,0,0,2026-04-02T12:59:28.505712+00:00,,,,,,,
30b137a3-b0a1-59cf-87af-3903705b6db1,E:\10 Academy\Week 3\document-intelligence-refinery\data\Security_Vulnerability_Disclosure_Standard_Procedure_2.pdf,b181209be1ead5f4539c8551e326f23b83c204c7c91d9617549887f6fce3a502,0,ocr_heavy,20,0,0,2026-04-02T12:59:28.982192+00:00,,,,,,,
284cb857-8c4f-59f2-a3c8-b3cf73e438ad,E:\10 Academy\Week 3\document-intelligence-refinery\data\tax_expenditure_ethiopia_2021_22.pdf,212dc42370e200d430dcbd690970f879b0b82558edb1b5eaef04be9e1b51fa8a,16,layout_aware+regex,863,1726,41,2026-04-02T12:59:33.916760+00:00,67388513-b41e-59a3-8e73-aa0b9f7cc1a7,"Import tax expenditure report: FY 2018/19 – 2020/21 Tax Policy Directorate, Ministry of Finance, Ethiopia September 2022",1.0,cd460e40-cf9f-5461-b9f9-50c1e155746e,0.55,1.0,"Import tax expenditure report : FY 2018/19 – 2020/21 Tax Policy Directorate, Ministry of Finance, Ethiopia September 2022"
